Name;Type;RA;Dec;Const;MajAx;MinAx;PosAng;B-Mag;V-Mag;J-Mag;H-Mag;K-Mag;SurfBr;Hubble;Pax;Pm-RA;Pm-Dec;RadVel;Redshift;Cstar U-Mag;Cstar B-Mag;Cstar V-Mag;M;NGC;IC;Cstar Names;Identifiers;Common names;NED notes;OpenNGC notes;Sources
IC0342;G;03:46:48.50;+68:05:46.9;Cam;19.77;18.79;0;9.68;;5.66;5.01;4.56;24.85;SABc;;;;23;0.000077;;;;;;;;2MASX J03464851+6805459,C 005,IRAS 03419+6756,MCG +11-05-003,PGC 013826,UGC 02847;;;;Type:1|RA:1|Dec:1|Const:99|MajAx:3|MinAx:3|PosAng:3|B-Mag:3|J-Mag:2|H-Mag:2|K-Mag:2|SurfBr:3|Hubble:3|RadVel:2|Redshift:2
IC0405;Neb;05:16:29.48;+34:21:22.2;Aur;50.00;30.00;;10.00;;;;;;;;;;;;;;;;;;;C 031,LBN 795;Flaming Star Nebula;;;Type:1|RA:1|Dec:1|Const:99|MajAx:9|MinAx:9|B-Mag:3
IC1613;G;01:04:47.79;+02:07:04.0;Cet;18.32;17.14;50;10.01;9.54;;;;25.00;I;;;;-233;-0.000777;;;;;;;;C 051,MCG +00-03-070,PGC 003844,UGC 00668;;Position is for the center of the bar.;;Type:1|RA:1|Dec:1|Const:99|MajAx:3|MinAx:3|PosAng:3|B-Mag:3|V-Mag:3|SurfBr:3|Hubble:3|RadVel:2|Redshift:2
IC2391;OCl;08:40:31.88;-53:02:07.7;Vel;29.10;;;;2.50;;;;;;6.5970;-24.927;23.256;15;0.000049;;;;;;;;C 085,MWSC 1529;omi Vel Cluster;;;Type:1|RA:1|Dec:1|Const:99|MajAx:5|V-Mag:2|Pax:2|Pm-RA:2|Pm-Dec:2|RadVel:2|Redshift:2
IC2602;OCl;10:42:57.47;-64:23:39.1;Car;48.00;;;;;;;;;;6.5710;-17.783;10.655;17;0.000058;;;;;;;;C 102,MWSC 1841;tet Car Cluster;;;Type:1|RA:1|Dec:1|Const:99|MajAx:5|Pax:2|Pm-RA:2|Pm-Dec:2|RadVel:2|Redshift:2
IC5146;Cl+N;21:53:28.76;+47:16:00.9;Cyg;10.00;10.00;;7.82;7.20;;;;;;1.2130;-2.910;-2.490;-5;-0.000018;;;;;;;;C 019,LBN 424,MWSC 3571;Cocoon Nebula;The position is for the included star.;;Type:1|RA:1|Dec:1|Const:99|MajAx:9|MinAx:9|B-Mag:2|V-Mag:2|Pax:2|Pm-RA:2|Pm-Dec:2|RadVel:2|Redshift:2
NGC0040;PN;00:13:01.03;+72:31:19.0;Cep;0.80;;;11.27;11.89;10.89;10.80;10.38;;;0.5041;-7.249;-1.811;-20;-0.000068;11.14;11.82;11.58;;;;HD 000826,HIP 001041,TYC 4302-01297-1;C 002,IRAS 00102+7214,PN G120.0+09.8;Bow-Tie nebula;;;Type:1|RA:1|Dec:1|Const:99|MajAx:8|B-Mag:3|V-Mag:3|J-Mag:2|H-Mag:2|K-Mag:2|Pax:2|Pm-RA:2|Pm-Dec:2|RadVel:2|Redshift:2|Cstar U-Mag:8|Cstar B-Mag:8|Cstar V-Mag:8
NGC0055;G;00:14:53.60;-39:11:47.9;Scl;29.85;3.05;101;8.39;8.54;6.98;6.55;6.25;22.52;SBm;;;;129;0.000430;;;;;;;;2MASX J00145360-3911478,C 072,ESO 293-050,ESO-LV 293-0500,IRAS 00125-3928,MCG -07-01-013,PGC 001014;;;;Type:1|RA:1|Dec:1|Const:99|MajAx:3|MinAx:3|PosAng:3|B-Mag:3|V-Mag:3|J-Mag:2|H-Mag:2|K-Mag:2|SurfBr:3|Hubble:3|RadVel:2|Redshift:2
NGC0104;GCl;00:24:05.36;-72:04:53.2;Tuc;31.80;;;5.78;4.09;2.29;1.76;1.54;;;0.1951;5.250;-2.530;-17;-0.000057;;;;;;;;2MASX J00240535-7204531,C 106,MWSC 0038;47 Tuc Cluster;;;Type:1|RA:1|Dec:1|Const:99|MajAx:5|B-Mag:2|V-Mag:2|J-Mag:2|H-Mag:2|K-Mag:2|Pax:2|Pm-RA:2|Pm-Dec:2|RadVel:2|Redshift:2
NGC0147;G;00:33:12.12;+48:30:31.5;Cas;9.40;5.41;26;10.60;9.72;7.90;7.34;7.20;24.29;E;;;;-193;-0.000644;;;;;;;;2MASX J00331212+4830314,C 017,MCG +08-02-005,PGC 002004,UGC 00326;;;;Type:1|RA:1|Dec:1|Const:99|MajAx:3|MinAx:3|PosAng:3|B-Mag:3|V-Mag:3|J-Mag:2|H-Mag:2|K-Mag:2|SurfBr:3|Hubble:3|RadVel:2|Redshift:2
NGC0185;G;00:38:57.97;+48:20:14.6;Cas;12.94;10.76;38;10.15;9.20;7.32;6.70;6.56;24.58;E;;;;-204;-0.000680;;;;;;;;2MASX J00385796+4820145,C 018,IRAS 00362+4803,MCG +08-02-010,PGC 002329,UGC 00396;;;;Type:1|RA:1|Dec:1|Const:99|MajAx:3|MinAx:3|PosAng:3|B-Mag:3|V-Mag:2|J-Mag:2|H-Mag:2|K-Mag:2|SurfBr:3|Hubble:3|RadVel:2|Redshift:2
NGC0188;OCl;00:47:27.53;+85:16:10.7;Cep;17.70;;;8.91;8.10;;;;;;0.5053;-2.309;-0.957;-42;-0.000139;;;;;;;;C 001,MWSC 0074;;;;Type:1|RA:1|Dec:1|Const:99|MajAx:5|B-Mag:2|V-Mag:2|Pax:2|Pm-RA:2|Pm-Dec:2|RadVel:2|Redshift:2
NGC0246;PN;00:47:03.36;-11:52:19.0;Cet;4.08;;;8.00;10.90;;;;;;1.9521;-16.962;-8.995;-16;-0.000052;10.41;11.60;11.96;;;;BD -12 0134,HIP 003678,UCAC2 27592055;C 056,PN G118.8-74.7;;;;Type:1|RA:1|Dec:1|Const:99|MajAx:8|B-Mag:3|V-Mag:3|Pax:2|Pm-RA:2|Pm-Dec:2|RadVel:2|Redshift:2|Cstar U-Mag:8|Cstar B-Mag:8|Cstar V-Mag:8
NGC0247;G;00:47:08.55;-20:45:37.4;Cet;19.68;5.55;167;9.67;9.21;8.08;7.67;7.43;23.79;SABc;;;;159;0.000531;;;;;;;;2MASX J00470855-2045374,C 062,ESO 540-022,ESO-LV 540-0220,MCG -04-03-005,PGC 002758,UGCA 011;;;;Type:1|RA:1|Dec:1|Const:99|MajAx:3|MinAx:3|PosAng:3|B-Mag:3|V-Mag:3|J-Mag:2|H-Mag:2|K-Mag:2|SurfBr:3|Hubble:3|RadVel:2|Redshift:2
NGC0253;G;00:47:33.12;-25:17:17.6;Scl;26.79;4.58;53;7.94;11.11;4.81;4.09;3.77;22.42;SABc;;;;259;0.000864;;;;;;;;2MASX J00473313-2517196,C 065,ESO 474-029,ESO-LV 474-0290,IRAS 00450-2533,MCG -04-03-009,PGC 002789,UGCA 013;Sculptor Filament,Silver Coin;Extended HIPASS source;;Type:1|RA:1|Dec:1|Const:99|MajAx:3|MinAx:3|PosAng:3|B-Mag:3|V-Mag:3|J-Mag:2|H-Mag:2|K-Mag:2|SurfBr:3|Hubble:3|RadVel:2|Redshift:2
NGC0300;G;00:54:53.48;-37:41:03.8;Scl;19.41;13.06;114;8.77;8.66;7.04;6.57;6.38;23.59;Scd;;;;146;0.000487;;;;;;;;2MASX J00545347-3741037,C 070,ESO 295-020,ESO-LV 295-0200,IRAS 00525-3757,MCG -06-03-005,PGC 003238;;;;Type:1|RA:1|Dec:1|Const:99|MajAx:3|MinAx:3|PosAng:3|B-Mag:3|V-Mag:3|J-Mag:2|H-Mag:2|K-Mag:2|SurfBr:3|Hubble:3|RadVel:2|Redshift:2
NGC0362;GCl;01:03:14.23;-70:50:53.6;Tuc;8.70;;;7.97;6.58;;;;;;0.0789;1.000;-16.000;223;0.000745;;;;;;;;C 104,MWSC 0099;;;;Type:1|RA:1|Dec:1|Const:99|MajAx:5|B-Mag:2|V-Mag:2|Pax:2|Pm-RA:2|Pm-Dec:2|RadVel:2|Redshift:2
NGC0457;OCl;01:19:32.65;+58:17:26.5;Cas;7.80;;;6.97;6.40;;;;;;0.3180;-1.586;-0.661;-12;-0.000039;;;;;;;;C 013,MWSC 0114;Owl Cluster;;;Type:1|RA:1|Dec:1|Const:99|MajAx:5|B-Mag:2|V-Mag:2|Pax:2|Pm-RA:2|Pm-Dec:2|RadVel:2|Redshift:2
NGC0559;OCl;01:29:33.17;+63:18:05.2;Cas;9.00;;;9.85;9.50;;;;;;0.3250;-4.258;0.254;-77;-0.000258;;;;;;;;C 008,MWSC 0122;;;;Type:1|RA:1|Dec:1|Const:99|MajAx:5|B-Mag:2|V-Mag:2|Pax:2|Pm-RA:2|Pm-Dec:2|RadVel:2|Redshift:2
NGC0663;OCl;01:46:16.05;+61:13:05.5;Cas;6.00;;;7.78;7.10;;;;;;0.3200;-1.110;-0.235;-32;-0.000108;;;;;;;;C 010,MWSC 0139;;;;Type:1|RA:1|Dec:1|Const:99|MajAx:5|B-Mag:2|V-Mag:2|Pax:2|Pm-RA:2|Pm-Dec:2|RadVel:2|Redshift:2
NGC0752;OCl;01:57:34.82;+37:50:00.2;And;39.00;;;6.47;5.70;;;;;;2.2304;9.809;-11.764;5;0.000016;;;;;;;;C 028,MWSC 0151;;;;Type:1|RA:1|Dec:1|Const:99|MajAx:5|B-Mag:2|V-Mag:2|Pax:2|Pm-RA:2|Pm-Dec:2|RadVel:2|Redshift:2
NGC0869;OCl;02:18:58.56;+57:07:02.1;Per;14.40;;;4.30;3.70;;;;;;0.3942;-0.694;-1.083;-39;-0.000130;;;;;;;;MWSC 0175;h Persei Cluster;;Caldwell 14 refers to both NGC869 and NGC884;Type:1|RA:1|Dec:1|Const:99|MajAx:5|B-Mag:2|V-Mag:2|Pax:2|Pm-RA:2|Pm-Dec:2|RadVel:2|Redshift:2
NGC0891;G;02:22:33.41;+42:20:56.9;And;13.03;3.03;22;10.84;10.01;7.26;6.36;5.94;24.17;Sb;;;;528;0.001763;;;;;;;;2MASX J02223290+4220539,C 023,IRAS 02193+4207,MCG +07-05-046,PGC 009031,UGC 01831;;;;Type:1|RA:1|Dec:1|Const:99|MajAx:3|MinAx:3|PosAng:3|B-Mag:3|V-Mag:3|J-Mag:2|H-Mag:2|K-Mag:2|SurfBr:3|Hubble:3|RadVel:2|Redshift:2
NGC1097;G;02:46:19.05;-30:16:29.6;For;10.57;6.44;138;10.14;9.76;7.18;6.51;6.25;23.63;SBb;;;;1262;0.004218;;;;;;;;2MASX J02461905-3016296,C 067,ESO 416-020,ESO-LV 416-0200,IRAS 02441-3029,MCG -05-07-024,PGC 010488,UGCA 041;;Extended HIPASS source;;Type:1|RA:1|Dec:1|Const:99|MajAx:3|MinAx:3|PosAng:3|B-Mag:3|V-Mag:3|J-Mag:2|H-Mag:2|K-Mag:2|SurfBr:3|Hubble:3|RadVel:2|Redshift:2
NGC1261;GCl;03:12:15.34;-55:13:00.5;Hor;5.10;;;9.79;8.63;;;;;;0.0120;1.610;-2.050;71;0.000238;;;;;;;;2MASX J03121627-5513070,C 087,MWSC 0263;;The 2MASS position is 10.5 arcsec southeast of the core.;;Type:1|RA:1|Dec:1|Const:99|MajAx:5|B-Mag:2|V-Mag:2|Pax:2|Pm-RA:2|Pm-Dec:2|RadVel:2|Redshift:2
NGC1275;G;03:19:48.16;+41:30:42.1;Per;2.16;1.45;110;12.61;12.24;9.15;8.49;8.13;23.00;S0;0.0430;0.275;-0.550;5218;0.017560;;;;;;;;2MASX J03194823+4130420,C 024,IRAS 03164+4119,MCG +07-07-063,PGC 012429,SDSS J031948.15+413042.1,UGC 02669;Perseus A;;;Type:1|RA:1|Dec:1|Const:99|MajAx:3|MinAx:3|PosAng:3|B-Mag:3|V-Mag:3|J-Mag:2|H-Mag:2|K-Mag:2|SurfBr:3|Hubble:3|Pax:2|Pm-RA:2|Pm-Dec:2|RadVel:2|Redshift:2
NGC1851;GCl;05:14:06.73;-40:02:47.8;Col;9.00;;;8.80;7.23;;;;;;0.0288;2.120;-0.630;320;0.001069;;;;;;;;C 073,MWSC 0489;;;;Type:1|RA:1|Dec:1|Const:99|MajAx:5|B-Mag:2|V-Mag:2|Pax:2|Pm-RA:2|Pm-Dec:2|RadVel:2|Redshift:2
NGC2070;HII;05:38:42.36;-69:06:03.2;Dor;16.00;16.00;;5.00;7.25;;;;;;;;;251;0.000838;;;;;;;;C 103;30 Dor Cluster,Tarantula Nebula;In the Large Magellanic Cloud.;;Type:1|RA:1|Dec:1|Const:99|MajAx:7|MinAx:7|B-Mag:3|V-Mag:2|RadVel:2|Redshift:2
NGC2237;Neb;06:30:54.61;+05:02:57.0;Mon;80.00;50.00;;;;;;;;;;;;38;0.000125;;;;;;;;;Rosette A;;;Type:1|RA:1|Dec:1|Const:99|MajAx:3|MinAx:3|RadVel:2|Redshift:2
NGC2244;Dup;06:31:55.56;+04:56:34.6;Mon;;;;;;;;;;;;;;;;;;;;2239;;;;;;;Type:1|RA:1|Dec:1|Const:99
NGC2261;RfN;06:39:09.51;+08:44:39.6;Mon;2.00;1.00;;12.46;11.85;9.69;8.03;6.38;;;;;;;;;;;;;;;C 046,LBN 920;Hubble's Nebula;;;Type:1|RA:1|Dec:1|Const:99|MajAx:9|MinAx:9|B-Mag:2|V-Mag:2|J-Mag:2|H-Mag:2|K-Mag:2
NGC2360;OCl;07:17:43.12;-15:38:28.7;CMa;9.00;;;7.62;7.20;;;;;;0.9018;0.385;5.589;27;0.000091;;;;;;;;C 058,MWSC 1165;Caroline's Cluster;;;Type:1|RA:1|Dec:1|Const:99|MajAx:5|B-Mag:2|V-Mag:2|Pax:2|Pm-RA:2|Pm-Dec:2|RadVel:2|Redshift:2
NGC2362;OCl;07:18:41.47;-24:57:15.1;CMa;7.20;;;;4.10;;;;;;0.7420;-2.791;2.953;29;0.000096;;;;;;;;C 064,MWSC 1173,Tau CMa;;;;Type:1|RA:1|Dec:1|Const:99|MajAx:5|V-Mag:2|Pax:2|Pm-RA:2|Pm-Dec:2|RadVel:2|Redshift:2
NGC2392;PN;07:29:10.76;+20:54:42.6;Gem;0.86;;;10.12;9.61;10.87;10.92;10.94;;;0.5004;-1.412;0.550;84;0.000281;9.30;10.38;10.53;;;;BD +21 1609,HD 59088,HIP 36369,TYC 1372-01287-1;C 039,IRAS 07262+2100,PN G197.8+17.3;Eskimo Nebula;;;Type:1|RA:1|Dec:1|Const:99|MajAx:99|B-Mag:3|V-Mag:3|J-Mag:2|H-Mag:2|K-Mag:2|Pax:2|Pm-RA:2|Pm-Dec:2|RadVel:2|Redshift:2|Cstar U-Mag:8|Cstar B-Mag:8|Cstar V-Mag:8
NGC2403;G;07:36:51.40;+65:36:09.2;Cam;19.95;10.07;126;8.83;8.43;6.98;6.42;6.19;23.48;SABc;;;;129;0.000430;;;;;;;;2MASX J07365139+6536091,C 007,IRAS 07321+6543,MCG +11-10-007,PGC 021396,UGC 03918;;;;Type:1|RA:1|Dec:1|Const:99|MajAx:3|MinAx:3|PosAng:3|B-Mag:3|V-Mag:3|J-Mag:2|H-Mag:2|K-Mag:2|SurfBr:3|Hubble:3|RadVel:2|Redshift:2
NGC2419;GCl;07:38:07.95;+38:52:47.9;Lyn;4.50;;;;10.05;;;;;;;-0.020;-0.570;-21;-0.000069;;;;;;;;2MASX J07380795+3852479,C 025,MWSC 1290;;;;Type:1|RA:1|Dec:1|Const:99|MajAx:5|V-Mag:2|Pm-RA:2|Pm-Dec:2|RadVel:2|Redshift:2
NGC2477;OCl;07:52:09.78;-38:31:59.7;Pup;18.60;;;6.64;5.80;;;;;;0.6650;-2.449;0.870;7;0.000024;;;;;;;;C 071,MWSC 1363;;;;Type:1|RA:1|Dec:1|Const:99|MajAx:5|B-Mag:2|V-Mag:2|Pax:2|Pm-RA:2|Pm-Dec:2|RadVel:2|Redshift:2
NGC2506;OCl;08:00:01.78;-10:46:10.7;Mon;10.80;;;8.28;7.60;;;;;;0.2920;-2.571;3.912;85;0.000283;;;;;;;;C 054,MWSC 1406;;;;Type:1|RA:1|Dec:1|Const:99|MajAx:5|B-Mag:2|V-Mag:2|Pax:2|Pm-RA:2|Pm-Dec:2|RadVel:2|Redshift:2
NGC2516;OCl;07:58:07.06;-60:45:12.5;Car;24.30;;;3.84;3.80;;;;;;2.4118;-4.658;11.152;24;0.000081;;;;;;;;C 096,MWSC 1393;;;;Type:1|RA:1|Dec:1|Const:99|MajAx:5|B-Mag:2|V-Mag:2|Pax:2|Pm-RA:2|Pm-Dec:2|RadVel:2|Redshift:2
NGC2523;G;08:15:00.09;+73:34:44.3;Cam;2.79;1.78;66;12.64;11.90;10.25;9.59;9.24;23.25;Sbc;;;;3426;0.011495;;;;;;;;2MASX J08150007+7334442,IRAS 08092+7343,MCG +12-08-031,PGC 023128,UGC 04271;;;;Type:1|RA:1|Dec:1|Const:99|MajAx:3|MinAx:3|PosAng:3|B-Mag:3|V-Mag:3|J-Mag:2|H-Mag:2|K-Mag:2|SurfBr:3|Hubble:3|RadVel:2|Redshift:2
NGC2775;G;09:10:20.12;+07:02:16.6;Cnc;4.25;3.36;159;11.14;10.24;7.92;7.41;7.04;22.88;Sab;;;;1350;0.004513;;;;;;;;2MASX J09102011+0702165,C 048,IRAS 09076+0714,MCG +01-24-005,PGC 025861,SDSS J091020.13+070216.8,UGC 04820;;;;Type:1|RA:1|Dec:1|Const:99|MajAx:3|MinAx:3|PosAng:3|B-Mag:3|V-Mag:3|J-Mag:2|H-Mag:2|K-Mag:2|SurfBr:3|Hubble:3|RadVel:2|Redshift:2
NGC2808;GCl;09:12:02.54;-64:51:46.2;Car;9.00;;;7.77;5.69;;;;;;0.0597;1.020;0.280;104;0.000347;;;;;;;;MWSC 1636;;;;Type:1|RA:1|Dec:1|Const:99|MajAx:5|B-Mag:2|V-Mag:2|Pax:2|Pm-RA:2|Pm-Dec:2|RadVel:2|Redshift:2
NGC2867;PN;09:21:24.97;-58:18:42.0;Car;0.23;;;9.70;9.70;;;;;;0.1597;-5.555;2.347;18;0.000060;;16.62;;;;;HD 81119;2MASX J09212497-5818422,C 090,ESO 126-008,IRAS 09200-5805,PN G278.1-05.9;;;;Type:1|RA:1|Dec:1|Const:99|MajAx:8|B-Mag:3|V-Mag:3|Pax:2|Pm-RA:2|Pm-Dec:2|RadVel:2|Redshift:2|Cstar B-Mag:8
NGC3115;G;10:05:13.98;-07:43:06.9;Sex;7.10;3.01;43;10.08;9.09;6.79;6.12;5.88;23.02;E-S0;;;;665;0.002222;;;;;;;;2MASX J10051397-0743068,C 053,MCG -01-26-018,PGC 029265,UGCA 199;Spindle Galaxy;;;Type:1|RA:1|Dec:1|Const:99|MajAx:3|MinAx:3|PosAng:3|B-Mag:3|V-Mag:3|J-Mag:2|H-Mag:2|K-Mag:2|SurfBr:3|Hubble:3|RadVel:2|Redshift:2
NGC3132;PN;10:07:01.73;-40:26:11.7;Vel;0.50;;;8.20;9.20;9.75;9.73;9.72;;;1.1567;-7.693;0.411;49;0.000163;10.29;10.15;10.07;;;;HD 87892,HD 87877,TYC 7711-00963-1;C 074,ESO 316-027,IRAS 10049-4011,PN G272.1+12.3;Eight-Burst Nebula;;;Type:1|RA:1|Dec:1|Const:99|MajAx:8|B-Mag:3|V-Mag:3|J-Mag:2|H-Mag:2|K-Mag:2|Pax:2|Pm-RA:2|Pm-Dec:2|RadVel:2|Redshift:2|Cstar U-Mag:8|Cstar B-Mag:8|Cstar V-Mag:8
NGC3195;PN;10:09:20.98;-80:51:30.9;Cha;0.70;;;11.50;11.60;;;;;;;;;-7;-0.000024;;16.10;15.30;;;;;C 109,ESO 019-002,IRAS 10099-8036,PN G296.6-20.0;;;;Type:1|RA:1|Dec:1|Const:99|MajAx:8|B-Mag:3|V-Mag:3|RadVel:2|Redshift:2|Cstar B-Mag:8|Cstar V-Mag:8
NGC3201;GCl;10:17:36.76;-46:24:40.4;Vel;9.60;;;9.18;8.24;;;;;;0.1720;8.350;-2.000;494;0.001650;;;;;;;;C 079,MWSC 1788;;;;Type:1|RA:1|Dec:1|Const:99|MajAx:5|B-Mag:2|V-Mag:2|Pax:2|Pm-RA:2|Pm-Dec:2|RadVel:2|Redshift:2
NGC3242;PN;10:24:46.08;-18:38:32.0;Hya;0.42;;;8.60;7.70;12.10;12.46;11.75;;;0.6819;-4.557;0.660;5;0.000016;;12.02;12.31;;;;BD -17 3140,HD 90255,SAO 155965;C 059,ESO 568-005,IRAS 10223-1823,PN G261.0+32.0;Jupiter's Ghost Nebula;;;Type:1|RA:1|Dec:1|Const:99|MajAx:8|B-Mag:3|V-Mag:3|J-Mag:2|H-Mag:2|K-Mag:2|Pax:2|Pm-RA:2|Pm-Dec:2|RadVel:2|Redshift:2|Cstar B-Mag:8|Cstar V-Mag:8
NGC3372;HII;10:45:08.53;-59:52:00.1;Car;120.00;120.00;;3.00;;;;;;;0.3800;-6.550;2.170;;;;;;;;;;C 092;Carina Nebula,eta Car Nebula;;;Type:1|RA:1|Dec:1|Const:99|MajAx:3|MinAx:3|B-Mag:3|Pax:2|Pm-RA:2|Pm-Dec:2
NGC3626;G;11:20:03.81;+18:21:24.6;Leo;2.94;1.94;157;11.80;10.98;9.10;8.45;8.16;22.86;S0-a;;;;1488;0.004977;;;;;3632;;;2MASX J11200379+1821244,C 040,MCG +03-29-032,PGC 034684,SDSS J112003.81+182124.6,UGC 06343;;;;Type:1|RA:1|Dec:1|Const:99|MajAx:3|MinAx:3|PosAng:3|B-Mag:3|V-Mag:3|J-Mag:2|H-Mag:2|K-Mag:2|SurfBr:3|Hubble:3|RadVel:2|Redshift:2
NGC3766;OCl;11:36:14.39;-61:36:18.6;Cen;6.90;;;5.66;5.30;;;;;;0.4590;-6.731;0.961;-16;-0.000052;;;;;;;;C 097,MWSC 1958;Pearl Cluster;;;Type:1|RA:1|Dec:1|Const:99|MajAx:5|B-Mag:2|V-Mag:2|Pax:2|Pm-RA:2|Pm-Dec:2|RadVel:2|Redshift:2
NGC4038;G;12:01:53.01;-18:52:03.4;Crv;5.42;3.78;80;10.85;10.20;;;;22.94;SBm;;;;1672;0.005593;;;;;;;;2MASS J12015301-1852034,C 060,ESO 572-047,ESO-LV 572-0470,ESO-LV 572-0481,MCG -03-31-014,PGC 037967,UGCA 264;Antennae Galaxies;ESO-LV has two entries for this object.;;Type:1|RA:1|Dec:1|Const:99|MajAx:3|MinAx:3|PosAng:3|B-Mag:3|V-Mag:3|SurfBr:3|Hubble:3|RadVel:2|Redshift:2
NGC4039;G;12:01:53.51;-18:53:10.3;Crv;5.36;2.73;50;11.04;;;;;22.82;SBm;;;;1637;0.005474;;;;;;;;2MASS J12015350-1853103,C 061,ESO 572-048,ESO-LV 572-0471,ESO-LV 572-0480,MCG -03-31-015,PGC 037969,UGCA 265;Antennae Galaxies;ESO-LV has two entries for this object.;;Type:1|RA:1|Dec:1|Const:99|MajAx:3|MinAx:3|PosAng:3|B-Mag:3|SurfBr:3|Hubble:3|RadVel:2|Redshift:2
NGC4236;G;12:16:42.12;+69:27:45.3;Dra;23.50;6.85;161;10.06;9.77;9.91;9.17;9.01;24.58;SBd;;;;-1;-0.000003;;;;;;;;2MASX J12164211+6927452,C 003,IRAS 12143+6945,MCG +12-12-004,PGC 039346,UGC 07306;;;;Type:1|RA:1|Dec:1|Const:99|MajAx:3|MinAx:3|PosAng:3|B-Mag:3|V-Mag:3|J-Mag:2|H-Mag:2|K-Mag:2|SurfBr:3|Hubble:3|RadVel:2|Redshift:2
NGC4244;G;12:17:29.66;+37:48:25.6;CVn;16.22;7.24;45;10.44;10.18;8.56;7.98;7.72;24.57;Sc;;;;244;0.000814;;;;;;;;2MASX J12172965+3748255,C 026,MCG +06-27-045,PGC 039422,UGC 07322;;;;Type:1|RA:1|Dec:1|Const:99|MajAx:3|MinAx:3|PosAng:3|B-Mag:3|V-Mag:3|J-Mag:2|H-Mag:2|K-Mag:2|SurfBr:3|Hubble:3|RadVel:2|Redshift:2
NGC4372;GCl;12:25:45.38;-72:39:32.7;Mus;12.00;;;10.86;9.85;;;;;;0.1405;-6.380;3.330;76;0.000252;;;;;;;;C 108,MWSC 2029;;;;Type:1|RA:1|Dec:1|Const:99|MajAx:5|B-Mag:2|V-Mag:2|Pax:2|Pm-RA:2|Pm-Dec:2|RadVel:2|Redshift:2
NGC4449;G;12:28:11.10;+44:05:37.1;CVn;4.66;2.71;51;9.50;9.64;8.10;7.45;7.25;21.10;IB;;;;204;0.000680;;;;;;;;2MASX J12281111+4405368,C 021,MCG +07-26-009,PGC 040973,SDSS J122811.10+440537.0,UGC 07592;;One of two 6cm sources associated with [WB92] 1225+4417;;Type:1|RA:1|Dec:1|Const:99|MajAx:3|MinAx:3|PosAng:3|B-Mag:3|V-Mag:3|J-Mag:2|H-Mag:2|K-Mag:2|SurfBr:3|Hubble:3|RadVel:2|Redshift:2
NGC4559;G;12:35:57.65;+27:57:36.0;Com;10.57;4.82;148;10.28;9.92;8.41;7.83;7.58;23.48;Sc;;0.507;0.222;814;0.002719;;;;;;;;2MASX J12355768+2757351,C 036,IRAS 12334+2814,MCG +05-30-030,PGC 042002,SDSS J123557.64+275735.9,UGC 07766;;;;Type:1|RA:1|Dec:1|Const:99|MajAx:3|MinAx:3|PosAng:3|B-Mag:3|V-Mag:3|J-Mag:2|H-Mag:2|K-Mag:2|SurfBr:3|Hubble:3|Pm-RA:2|Pm-Dec:2|RadVel:2|Redshift:2
NGC4565;G;12:36:20.78;+25:59:15.6;Com;16.75;2.89;135;10.05;10.86;7.16;6.31;6.06;23.75;Sb;;;;1258;0.004210;;;;;;;;2MASX J12362080+2559146,C 038,IRAS 12338+2615,MCG +04-30-006,PGC 042038,UGC 07772;Needle Galaxy;HOLM 426D is a star.;;Type:1|RA:1|Dec:1|Const:99|MajAx:3|MinAx:3|PosAng:3|B-Mag:3|V-Mag:3|J-Mag:2|H-Mag:2|K-Mag:2|SurfBr:3|Hubble:3|RadVel:2|Redshift:2
NGC4609;OCl;12:42:16.83;-62:59:44.7;Cru;5.40;;;7.32;6.90;;;;;;0.6600;-4.870;-1.045;22;0.000073;;;;;;;;C 098,MWSC 2062;Coalsack Cluster;;;Type:1|RA:1|Dec:1|Const:99|MajAx:5|B-Mag:2|V-Mag:2|Pax:2|Pm-RA:2|Pm-Dec:2|RadVel:2|Redshift:2
NGC4631;G;12:42:08.01;+32:32:29.4;CVn;14.45;2.20;86;9.47;9.24;7.53;6.83;6.47;22.44;SBcd;;;;605;0.002021;;;;;;;;2MASX J12420800+3232294,C 032,IRAS 12396+3249,MCG +06-28-020,PGC 042637,UGC 07865;Whale Galaxy;;;Type:1|RA:1|Dec:1|Const:99|MajAx:3|MinAx:3|PosAng:3|B-Mag:3|V-Mag:3|J-Mag:2|H-Mag:2|K-Mag:2|SurfBr:3|Hubble:3|RadVel:2|Redshift:2
NGC4697;G;12:48:35.88;-05:48:02.7;Vir;7.14;4.16;83;10.25;9.37;7.24;6.59;6.37;23.36;E;;;;1210;0.004044;;;;;;;;2MASX J12483590-0548030,C 052,MCG -01-33-010,PGC 043276,UGCA 300;;;;Type:1|RA:1|Dec:1|Const:99|MajAx:3|MinAx:3|PosAng:3|B-Mag:3|V-Mag:3|J-Mag:2|H-Mag:2|K-Mag:2|SurfBr:3|Hubble:3|RadVel:2|Redshift:2
NGC4755;OCl;12:53:37.08;-60:21:22.7;Cru;7.80;;;;;;;;;;0.4620;-4.647;-1.134;-20;-0.000067;;;;;;;;C 094,MWSC 2072;Herschel's Jewel Box,kappa Crucis Cluster;;;Type:1|RA:1|Dec:1|Const:99|MajAx:5|Pax:2|Pm-RA:2|Pm-Dec:2|RadVel:2|Redshift:2
NGC4833;GCl;12:59:34.94;-70:52:28.5;Mus;8.40;;;8.72;7.79;;;;;;0.1231;-8.360;-0.970;202;0.000674;;;;;;;;C 105,MWSC 2077;;;;Type:1|RA:1|Dec:1|Const:99|MajAx:5|B-Mag:2|V-Mag:2|Pax:2|Pm-RA:2|Pm-Dec:2|RadVel:2|Redshift:2
NGC4889;G;13:00:08.13;+27:58:37.2;Com;2.59;1.68;80;12.49;11.45;9.40;8.71;8.41;23.39;E;;;;6376;0.021500;;;;;4884;;;2MASX J13000809+2758372,C 035,MCG +05-31-077,PGC 044715,SDSS J130008.12+275837.0,SDSS J130008.13+275836.9,SDSS J130008.13+275837.2,SDSS J130008.14+275837.2,UGC 08110;;;;Type:1|RA:1|Dec:1|Const:99|MajAx:3|MinAx:3|PosAng:3|B-Mag:3|V-Mag:3|J-Mag:2|H-Mag:2|K-Mag:2|SurfBr:3|Hubble:3|RadVel:2|Redshift:2
NGC4945;G;13:05:27.48;-49:28:05.6;Cen;23.33;4.03;44;9.28;11.86;5.60;4.84;4.48;23.40;SBc;;;;538;0.001797;;;;;;;;2MASX J13052727-4928044,C 083,ESO 219-024,ESO-LV 219-0240,IRAS 13025-4911,PGC 045279;;A-M +30' Dec error.;;Type:1|RA:1|Dec:1|Const:99|MajAx:3|MinAx:3|PosAng:3|B-Mag:3|V-Mag:3|J-Mag:2|H-Mag:2|K-Mag:2|SurfBr:3|Hubble:3|RadVel:2|Redshift:2
NGC5005;G;13:10:56.23;+37:03:33.1;CVn;4.82;1.52;70;10.54;10.71;7.46;6.73;6.44;21.82;SABb;;;;961;0.003212;;;;;;;;2MASX J13105631+3703321,C 029,IRAS 13086+3719,MCG +06-29-052,PGC 045749,UGC 08256;;;;Type:1|RA:1|Dec:1|Const:99|MajAx:3|MinAx:3|PosAng:3|B-Mag:3|V-Mag:3|J-Mag:2|H-Mag:2|K-Mag:2|SurfBr:3|Hubble:3|RadVel:2|Redshift:2
NGC5128;G;13:25:27.62;-43:01:08.8;Cen;25.88;19.77;33;7.79;7.22;4.98;4.27;3.94;23.59;S0;;;;547;0.001826;;;;;;;;2MASX J13252775-4301073,C 077,ESO 270-009,ESO-LV 270-0090,IRAS 13225-4245,MCG -07-28-001,PGC 046957;Centaurus A;;;Type:1|RA:1|Dec:1|Const:99|MajAx:3|MinAx:3|PosAng:3|B-Mag:3|V-Mag:3|J-Mag:2|H-Mag:2|K-Mag:2|SurfBr:3|Hubble:3|RadVel:2|Redshift:2
NGC5139;GCl;13:26:45.89;-47:28:36.7;Cen;27.00;;;6.12;5.33;;;;;;0.1368;-3.240;-6.730;234;0.000782;;;;;;;;C 080,MWSC 2120;Omega Centauri;;;Type:1|RA:1|Dec:1|Const:99|MajAx:5|B-Mag:2|V-Mag:2|Pax:2|Pm-RA:2|Pm-Dec:2|RadVel:2|Redshift:2
NGC5248;G;13:37:32.02;+08:53:06.6;Boo;4.07;2.38;120;10.88;9.97;8.18;7.46;7.25;22.25;SABb;;;;1150;0.003843;;;;;;;;2MASX J13373206+0853062,C 045,IRAS 13350+0908,MCG +02-35-015,PGC 048130,SDSS J133732.02+085306.6,UGC 08616;;;;Type:1|RA:1|Dec:1|Const:99|MajAx:3|MinAx:3|PosAng:3|B-Mag:3|V-Mag:3|J-Mag:2|H-Mag:2|K-Mag:2|SurfBr:3|Hubble:3|RadVel:2|Redshift:2
NGC5286;GCl;13:46:26.58;-51:22:24.5;Cen;6.60;;;9.18;8.31;;;;;;0.0232;0.200;-0.160;62;0.000208;;;;;;;;C 084,MWSC 2160;;;;Type:1|RA:1|Dec:1|Const:99|MajAx:5|B-Mag:2|V-Mag:2|Pax:2|Pm-RA:2|Pm-Dec:2|RadVel:2|Redshift:2
NGC5694;GCl;14:39:36.51;-26:32:18.0;Hya;3.30;;;11.58;10.89;;;;;;0.0608;-0.430;-1.090;-140;-0.000465;;;;;;;;C 066,MWSC 2238;;;;Type:1|RA:1|Dec:1|Const:99|MajAx:5|B-Mag:2|V-Mag:2|Pax:2|Pm-RA:2|Pm-Dec:2|RadVel:2|Redshift:2
NGC5823;OCl;15:05:30.63;-55:36:13.5;Cir;3.90;;;8.61;7.90;;;;;;0.5210;-3.691;-2.443;-20;-0.000066;;;;;;;;C 088,MWSC 2273;;;;Type:1|RA:1|Dec:1|Const:99|MajAx:5|B-Mag:2|V-Mag:2|Pax:2|Pm-RA:2|Pm-Dec:2|RadVel:2|Redshift:2
NGC6025;OCl;16:03:17.79;-60:25:52.9;TrA;11.40;;;5.26;5.10;;;;;;1.2646;-2.885;-3.022;-8;-0.000026;;;;;;;;C 095,MWSC 2347;;;;Type:1|RA:1|Dec:1|Const:99|MajAx:5|B-Mag:2|V-Mag:2|Pax:2|Pm-RA:2|Pm-Dec:2|RadVel:2|Redshift:2
NGC6087;OCl;16:18:50.58;-57:56:04.5;Nor;10.20;;;5.85;5.40;;;;;;1.0250;-1.567;-2.411;1;0.000004;;;;;;;;C 089,MWSC 2382;S Nor Cluster;;;Type:1|RA:1|Dec:1|Const:99|MajAx:5|B-Mag:2|V-Mag:2|Pax:2|Pm-RA:2|Pm-Dec:2|RadVel:2|Redshift:2
NGC6101;GCl;16:25:48.57;-72:12:05.6;Aps;4.50;;;10.90;10.08;;;;;;0.0421;1.760;-0.220;366;0.001223;;;;;;;;C 107,MWSC 2404;;;;Type:1|RA:1|Dec:1|Const:99|MajAx:5|B-Mag:2|V-Mag:2|Pax:2|Pm-RA:2|Pm-Dec:2|RadVel:2|Redshift:2
NGC6124;OCl;16:25:20.06;-40:39:13.3;Sco;13.50;;;6.70;5.80;;;;;;1.5570;-0.203;-2.094;-21;-0.000069;;;;;;;;C 075,MWSC 2403;;;;Type:1|RA:1|Dec:1|Const:99|MajAx:5|B-Mag:2|V-Mag:2|Pax:2|Pm-RA:2|Pm-Dec:2|RadVel:2|Redshift:2
NGC6193;OCl;16:41:20.23;-48:45:45.1;Ara;8.10;;;;;;;;;;0.8120;1.278;-4.111;-40;-0.000133;;;;;;;;C 082,MWSC 2444;;Involved in NGC 6188.;;Type:1|RA:1|Dec:1|Const:99|MajAx:5|Pax:2|Pm-RA:2|Pm-Dec:2|RadVel:2|Redshift:2
NGC6231;OCl;16:54:10.92;-41:49:27.3;Sco;13.80;;;2.83;2.60;;;;;;0.5890;-0.529;-2.177;-19;-0.000064;;;;;;;;C 076,MWSC 2481;;;;Type:1|RA:1|Dec:1|Const:99|MajAx:5|B-Mag:2|V-Mag:2|Pax:2|Pm-RA:2|Pm-Dec:2|RadVel:2|Redshift:2
NGC6302;PN;17:13:44.63;-37:06:11.3;Sco;0.74;;;12.80;9.60;;;;;;;;;-36;-0.000119;;21.10;;;;;HD 155520;2MASX J17134463-3706111,C 069,ESO 392-005,IRAS 17103-3702,PN G349.5+01.0;Bug Nebula,Butterfly Nebula;;The name Butterfly Nebula is often associated to several other objects.;Type:1|RA:1|Dec:1|Const:99|MajAx:8|B-Mag:3|V-Mag:3|RadVel:2|Redshift:2|Cstar B-Mag:8
NGC6352;GCl;17:25:29.16;-48:25:21.7;Ara;7.20;;;9.95;8.87;;;;;;0.1500;-2.150;-4.380;-126;-0.000419;;;;;;;;C 081,MWSC 2592;;;;Type:1|RA:1|Dec:1|Const:99|MajAx:5|B-Mag:2|V-Mag:2|Pax:2|Pm-RA:2|Pm-Dec:2|RadVel:2|Redshift:2
NGC6397;GCl;17:40:41.36;-53:40:25.3;Ara;15.30;;;7.39;5.17;;;3.29;;;0.3824;3.300;-17.600;18;0.000061;;;;;;;;C 086,MWSC 2662;;;;Type:1|RA:1|Dec:1|Const:99|MajAx:5|B-Mag:2|V-Mag:2|K-Mag:2|Pax:2|Pm-RA:2|Pm-Dec:2|RadVel:2|Redshift:2
NGC6541;GCl;18:08:02.33;-43:42:57.2;CrA;7.50;;;8.06;7.32;;;;;;0.1211;0.320;-8.850;-164;-0.000547;;;;;;;;C 078,MWSC 2813;;;;Type:1|RA:1|Dec:1|Const:99|MajAx:5|B-Mag:2|V-Mag:2|Pax:2|Pm-RA:2|Pm-Dec:2|RadVel:2|Redshift:2
NGC6543;PN;17:58:33.39;+66:37:59.5;Dra;0.90;;;9.79;9.01;8.95;9.08;8.34;;;0.6152;-0.555;-6.413;-66;-0.000219;;11.23;11.14;;;;BD +66 1066,HD 164963;2MASX J17583335+6637591,C 006,IRAS 17584+6638,PN G096.4+29.9;Cat's Eye Nebula;Additional radio sources may contribute to the WMAP flux.;The fainter outer shell has a diameter of 5.5 arcmin ca.;Type:1|RA:1|Dec:1|Const:99|MajAx:99|B-Mag:3|V-Mag:3|J-Mag:2|H-Mag:2|K-Mag:2|Pax:2|Pm-RA:2|Pm-Dec:2|RadVel:2|Redshift:2|Cstar B-Mag:8|Cstar V-Mag:8
NGC6544;GCl;18:07:20.00;-24:59:54.1;Sgr;6.00;;;11.36;9.90;6.24;5.54;5.37;;;0.3280;-2.340;-18.660;-38;-0.000127;;;;;;;;2MASX J18071996-2459542,MWSC 2810;;;;Type:1|RA:1|Dec:1|Const:99|MajAx:5|B-Mag:2|V-Mag:2|J-Mag:2|H-Mag:2|K-Mag:2|Pax:2|Pm-RA:2|Pm-Dec:2|RadVel:2|Redshift:2
NGC6729;Neb;19:01:55.40;-36:57:27.5;CrA;25.00;20.00;;;;;;;;;;;;;;;;;;;;;C 068,IRAS 18585-3701;;;;Type:1|RA:1|Dec:1|Const:99|MajAx:3|MinAx:3
NGC6744;G;19:09:46.10;-63:51:27.1;Pav;15.67;9.75;15;9.14;9.25;6.73;6.20;5.94;23.47;Sbc;;;;838;0.002800;;;;;;;;2MASX J19094609-6351271,C 101,ESO 104-042,ESO-LV 104-0420,IRAS 19051-6357,PGC 062836;;Extended HIPASS source;;Type:1|RA:1|Dec:1|Const:99|MajAx:3|MinAx:3|PosAng:3|B-Mag:3|V-Mag:3|J-Mag:2|H-Mag:2|K-Mag:2|SurfBr:3|Hubble:3|RadVel:2|Redshift:2
NGC6752;GCl;19:10:51.78;-59:58:54.7;Pav;13.20;;;6.96;6.28;;;;;;0.2387;-3.170;-4.010;-26;-0.000088;;;;;6777;;;C 093,MWSC 3062;;Identity as NGC 6777 is uncertain.;;Type:1|RA:1|Dec:1|Const:99|MajAx:5|B-Mag:2|V-Mag:2|Pax:2|Pm-RA:2|Pm-Dec:2|RadVel:2|Redshift:2
NGC6822;G;19:44:57.74;-14:48:12.4;Sgr;17.38;16.75;27;9.36;10.05;7.48;6.92;6.72;24.25;IB;;;;-57;-0.000190;;;;;;4895;;2MASX J19445619-1447512,C 057,IRAS 19420-1450,MCG -02-50-006,PGC 063616;Barnard's Galaxy;The position is the approximate center of the bar.;;Type:1|RA:1|Dec:1|Const:99|MajAx:3|MinAx:3|PosAng:3|B-Mag:3|V-Mag:3|J-Mag:2|H-Mag:2|K-Mag:2|SurfBr:3|Hubble:3|RadVel:2|Redshift:2
NGC6826;PN;19:44:48.11;+50:31:30.1;Cyg;0.42;;;10.02;9.44;9.57;9.60;8.90;;;0.6348;-9.232;-11.522;-6;-0.000021;;10.33;10.41;;;;BD +50 2869,HD 186924,SAO 31951,TYC 3565-00205-1;2MASX J19444814+5031304,C 015,IRAS 19434+5024,PN G083.5+12.7;Blinking Planetary;;;Type:1|RA:1|Dec:1|Const:99|MajAx:8|B-Mag:3|V-Mag:3|J-Mag:2|H-Mag:2|K-Mag:2|Pax:2|Pm-RA:2|Pm-Dec:2|RadVel:2|Redshift:2|Cstar B-Mag:8|Cstar V-Mag:8
NGC6885;Dup;20:11:55.86;+26:29:19.7;Vul;;;;;;;;;;;;;;;;;;;;6882;;;;;;;Type:1|RA:1|Dec:1|Const:99
NGC6888;HII;20:12:06.55;+38:21:17.8;Cyg;20.00;10.00;;7.44;;;;;;;;;;;;;;;;;;;BD +37 3821,C 027,HD 192163,HIP 099546,LBN 203;Crescent Nebula;;;Type:1|RA:1|Dec:1|Const:99|MajAx:9|MinAx:9|B-Mag:2
NGC6934;GCl;20:34:11.49;+07:24:14.8;Del;5.40;;;10.48;9.75;;;;;;0.0208;-2.660;-4.670;-406;-0.001354;;;;;;;;C 047,MWSC 3369;;;;Type:1|RA:1|Dec:1|Const:99|MajAx:5|B-Mag:2|V-Mag:2|Pax:2|Pm-RA:2|Pm-Dec:2|RadVel:2|Redshift:2
NGC6946;G;20:34:52.32;+60:09:14.1;Cyg;11.40;10.84;52;9.76;9.05;6.27;5.91;5.37;23.73;SABc;;;;45;0.000150;;;;;;;;2MASX J20345233+6009132,C 012,IRAS 20338+5958,MCG +10-29-006,PGC 065001,UGC 11597;Fireworks Galaxy;;;Type:1|RA:1|Dec:1|Const:99|MajAx:3|MinAx:3|PosAng:3|B-Mag:3|V-Mag:3|J-Mag:2|H-Mag:2|K-Mag:2|SurfBr:3|Hubble:3|RadVel:2|Redshift:2
NGC6960;SNR;20:45:58.18;+30:35:42.5;Cyg;210.00;160.00;;7.00;;;;;;;;;;;;;;;;;;;C 034,LBN 191;Veil Nebula,Filamentary Nebula,Western Veil;;;Type:1|RA:1|Dec:1|Const:99|MajAx:9|MinAx:9|B-Mag:3
NGC7000;HII;20:59:17.14;+44:31:43.6;Cyg;120.00;30.00;;4.00;;;;;;;;;;;;;;;;;;;C 020,LBN 373;North America Nebula;;;Type:1|RA:1|Dec:1|Const:99|MajAx:9|MinAx:9|B-Mag:3
NGC7006;GCl;21:01:29.25;+16:11:15.1;Del;4.20;;;;10.46;9.56;9.02;9.00;;;;-0.080;-0.610;-383;-0.001278;;;;;;;;2MASX J21012946+1611164,C 042,MWSC 3446;;;;Type:1|RA:1|Dec:1|Const:99|MajAx:5|V-Mag:2|J-Mag:2|H-Mag:2|K-Mag:2|Pm-RA:2|Pm-Dec:2|RadVel:2|Redshift:2
NGC7009;PN;21:04:10.79;-11:21:47.7;Aqr;0.70;0.52;70;8.30;8.00;9.33;9.46;8.75;;;0.8665;7.750;1.002;-47;-0.000155;;12.66;12.78;;;;BD -11 5511,HD 200516,HIP 103992,TYC 5779-01804-1;2MASX J21041082-1121481,C 055,IRAS 21014-1133,PN G037.7-34.5;Saturn Nebula;;;Type:1|RA:1|Dec:1|Const:99|MajAx:2|MinAx:2|PosAng:2|B-Mag:3|V-Mag:3|J-Mag:2|H-Mag:2|K-Mag:2|Pax:2|Pm-RA:2|Pm-Dec:2|RadVel:2|Redshift:2|Cstar B-Mag:8|Cstar V-Mag:8
NGC7023;Neb;21:01:35.62;+68:10:10.4;Cep;10.00;8.00;;7.20;;;;;;;;;;;;;;;;;;;C 004,IRAS 21009+6758,LBN 487;Iris Nebula;Identified as IR cirrus by Strauss, et al (1992, ApJS, 83, 29).;;Type:1|RA:1|Dec:1|Const:99|MajAx:9|MinAx:9|B-Mag:2
NGC7243;OCl;22:15:08.58;+49:53:51.0;Lac;15.00;;;6.54;6.40;;;;;;1.1160;0.433;-2.857;-13;-0.000042;;;;;;;;C 016,MWSC 3602;;;;Type:1|RA:1|Dec:1|Const:99|MajAx:5|B-Mag:2|V-Mag:2|Pax:2|Pm-RA:2|Pm-Dec:2|RadVel:2|Redshift:2
NGC7293;PN;22:29:38.57;-20:50:14.4;Aqr;16.33;;;7.50;7.30;14.33;14.49;14.55;;;4.9760;38.869;-3.419;-15;-0.000050;11.81;13.10;13.50;;;;USNO 271;C 063,ESO 602-022,PN G036.1-57.1;Helix Nebula;;;Type:1|RA:1|Dec:1|Const:99|MajAx:8|B-Mag:3|V-Mag:3|J-Mag:2|H-Mag:2|K-Mag:2|Pax:2|Pm-RA:2|Pm-Dec:2|RadVel:2|Redshift:2|Cstar U-Mag:8|Cstar B-Mag:8|Cstar V-Mag:8
NGC7331;G;22:37:04.01;+34:24:55.9;Peg;9.27;3.76;170;10.20;9.41;7.06;6.29;6.03;23.08;Sbc;;;;818;0.002732;;;;;;;;2MASX J22370410+3424573,C 030,IRAS 22347+3409,MCG +06-49-045,PGC 069327,SDSS J223704.05+342456.8,UGC 12113;;"HOLM 795H is a double star; HOLM 795G,I are stars.";;Type:1|RA:1|Dec:1|Const:99|MajAx:3|MinAx:3|PosAng:3|B-Mag:3|V-Mag:3|J-Mag:2|H-Mag:2|K-Mag:2|SurfBr:3|Hubble:3|RadVel:2|Redshift:2
NGC7479;G;23:04:56.65;+12:19:22.4;Peg;3.65;2.72;26;11.73;11.09;9.19;8.51;8.20;23.04;SBbc;;;;2369;0.007935;;;;;;;;2MASX J23045666+1219223,C 044,IRAS 23024+1203,MCG +02-58-060,PGC 070419,SDSS J230456.65+121922.3,UGC 12343;;;;Type:1|RA:1|Dec:1|Const:99|MajAx:3|MinAx:3|PosAng:3|B-Mag:3|V-Mag:3|J-Mag:2|H-Mag:2|K-Mag:2|SurfBr:3|Hubble:3|RadVel:2|Redshift:2
NGC7635;HII;23:20:45.60;+61:12:44.5;Cas;15.00;8.00;;11.00;;;;;;;;;;;;;;;;;;;C 011,LBN 548;Bubble Nebula;;;Type:1|RA:1|Dec:1|Const:99|MajAx:9|MinAx:9|B-Mag:3
NGC7662;PN;23:25:53.90;+42:32:05.8;And;0.28;;;9.20;8.30;;;;;;12.1000;12.200;-1.000;-12;-0.000041;;13.60;13.20;;;;BD +41 4773,HD 220733;2MASX J23255415+4232111,C 022,IRAS 23234+4215,PN G106.5-17.6;Copeland's Blue Snowball;;;Type:1|RA:1|Dec:1|Const:99|MajAx:8|B-Mag:3|V-Mag:3|Pax:2|Pm-RA:2|Pm-Dec:2|RadVel:2|Redshift:2|Cstar B-Mag:8|Cstar V-Mag:8
NGC7814;G;00:03:14.89;+16:08:43.5;Peg;4.37;1.88;135;11.59;10.60;8.09;7.36;7.08;23.03;Sab;;;;1049;0.003505;;;;;;;;2MASX J00031494+1608428,C 043,MCG +03-01-020,PGC 000218,SDSS J000315.04+160844.7,SDSS J000315.04+160844.8,UGC 00008;;Multiple SDSS entries describe this object.;;Type:1|RA:1|Dec:1|Const:99|MajAx:3|MinAx:3|PosAng:3|B-Mag:3|V-Mag:3|J-Mag:2|H-Mag:2|K-Mag:2|SurfBr:3|Hubble:3|RadVel:2|Redshift:2
