Name;Type;RA;Dec;Const;MajAx;MinAx;PosAng;B-Mag;V-Mag;J-Mag;H-Mag;K-Mag;SurfBr;Hubble;Pax;Pm-RA;Pm-Dec;RadVel;Redshift;Cstar U-Mag;Cstar B-Mag;Cstar V-Mag;M;NGC;IC;Cstar Names;Identifiers;Common names;NED notes;OpenNGC notes;Sources
IC4715;*Ass;18:16:56.12;-18:30:52.4;Sgr;120.00;60.00;90;;4.50;;;;;;;;;;;;;;024;;;;;Small Sgr Star Cloud;Milky Way star cloud.;;Type:1|RA:1|Dec:1|Const:99|MajAx:2|MinAx:2|PosAng:2|V-Mag:10
IC4725;OCl;18:31:46.77;-19:06:53.8;Sgr;14.10;;;5.29;4.60;;;;;;1.5043;-1.720;-6.101;3;0.000010;;;;025;;;;MWSC 2940;;;;Type:1|RA:1|Dec:1|Const:99|MajAx:5|B-Mag:2|V-Mag:2|Pax:2|Pm-RA:2|Pm-Dec:2|RadVel:2|Redshift:2
NGC0205;G;00:40:22.08;+41:41:07.1;And;16.22;9.59;170;8.90;8.15;6.45;5.87;5.59;23.78;E;;;;-246;-0.000820;;;;110;;;;2MASX J00402207+4141070,IRAS 00376+4124,MCG +07-02-014,PGC 002429,UGC 00426;;;;Type:1|RA:1|Dec:1|Const:99|MajAx:3|MinAx:3|PosAng:3|B-Mag:3|V-Mag:3|J-Mag:2|H-Mag:2|K-Mag:2|SurfBr:3|Hubble:3|RadVel:2|Redshift:2
NGC0221;G;00:42:41.83;+40:51:55.0;And;7.74;4.86;170;8.89;8.13;6.28;5.37;5.10;22.17;E;;-17.000;-5.000;-199;-0.000664;;;;032;;;;2MASX J00424182+4051546,IRAS 00399+4035,MCG +07-02-015,PGC 002555,UGC 00452;;;;Type:1|RA:1|Dec:1|Const:99|MajAx:3|MinAx:3|PosAng:3|B-Mag:3|V-Mag:3|J-Mag:2|H-Mag:2|K-Mag:2|SurfBr:3|Hubble:3|Pm-RA:2|Pm-Dec:2|RadVel:2|Redshift:2
NGC0224;G;00:42:44.35;+41:16:08.6;And;177.83;69.66;35;4.29;3.44;2.09;1.28;0.98;23.63;Sb;6.0000;;;-300;-0.001000;;;;031;;;;2MASX J00424433+4116074,IRAS 00400+4059,MCG +07-02-016,PGC 002557,UGC 00454;Andromeda Galaxy;;;Type:1|RA:1|Dec:1|Const:99|MajAx:3|MinAx:3|PosAng:3|B-Mag:3|V-Mag:2|J-Mag:2|H-Mag:2|K-Mag:2|SurfBr:3|Hubble:3|Pax:2|RadVel:2|Redshift:2
NGC0581;OCl;01:33:21.81;+60:39:28.8;Cas;4.50;;;7.72;7.40;;;;;;0.3730;-1.384;-0.497;-46;-0.000152;;;;103;;;;MWSC 0124;;;;Type:1|RA:1|Dec:1|Const:99|MajAx:5|B-Mag:2|V-Mag:2|Pax:2|Pm-RA:2|Pm-Dec:2|RadVel:2|Redshift:2
NGC0598;G;01:33:50.89;+30:39:36.8;Tri;62.09;36.73;23;6.35;5.79;5.04;4.35;4.10;23.61;Sc;;;;-179;-0.000598;;;;033;;;;2MASX J01335090+3039357,IRAS 01310+3024,MCG +05-04-069,PGC 005818,UGC 01117;Triangulum Galaxy,Triangulum Pinwheel;;;Type:1|RA:1|Dec:1|Const:99|MajAx:3|MinAx:3|PosAng:3|B-Mag:3|V-Mag:3|J-Mag:2|H-Mag:2|K-Mag:2|SurfBr:3|Hubble:3|RadVel:2|Redshift:2
NGC0628;G;01:36:41.75;+15:47:01.2;Psc;9.89;9.33;87;9.71;9.31;7.63;7.04;6.85;23.37;Sc;;;;655;0.002188;;;;074;;;;2MASX J01364177+1547004,IRAS 01340+1532,MCG +03-05-011,PGC 005974,UGC 01149;;;;Type:1|RA:1|Dec:1|Const:99|MajAx:3|MinAx:3|PosAng:3|B-Mag:3|V-Mag:3|J-Mag:2|H-Mag:2|K-Mag:2|SurfBr:3|Hubble:3|RadVel:2|Redshift:2
NGC0650;PN;01:42:19.69;+51:34:31.7;Per;1.12;;;12.20;10.10;;;;;;;-0.254;-4.165;-24;-0.000079;;;17.48;076;0651;;;2MASX J01421808+5134243,IRAS 01391+5119,PN G130.9-10.5;Barbell Nebula,Cork Nebula,Little Dumbbell Nebula;The 2MASX position is centered on a superposed star.;;Type:1|RA:1|Dec:1|Const:99|MajAx:8|B-Mag:3|V-Mag:3|Pm-RA:2|Pm-Dec:2|RadVel:2|Redshift:2|Cstar V-Mag:8
NGC1039;OCl;02:42:07.40;+42:44:46.1;Per;22.50;;;5.37;5.20;;;;;;1.9536;0.726;-5.732;-10;-0.000033;;;;034;;;;MWSC 0223;;;;Type:1|RA:1|Dec:1|Const:99|MajAx:5|B-Mag:2|V-Mag:2|Pax:2|Pm-RA:2|Pm-Dec:2|RadVel:2|Redshift:2
NGC1068;G;02:42:40.71;-00:00:47.8;Cet;6.11;5.61;12;9.74;9.29;6.97;6.26;5.79;22.35;Sb;;;;1140;0.003810;;;;077;;;;2MASX J02424077-0000478,IRAS 02401-0013,MCG +00-07-083,PGC 010266,UGC 02188;;;;Type:1|RA:1|Dec:1|Const:99|MajAx:3|MinAx:3|PosAng:3|B-Mag:3|V-Mag:3|J-Mag:2|H-Mag:2|K-Mag:2|SurfBr:3|Hubble:3|RadVel:2|Redshift:2
NGC1904;GCl;05:24:10.59;-24:31:27.2;Lep;7.20;;;9.21;8.16;;;;;;0.0370;2.470;-1.590;206;0.000687;;;;079;;;;MWSC 0528;;;;Type:1|RA:1|Dec:1|Const:99|MajAx:5|B-Mag:2|V-Mag:2|Pax:2|Pm-RA:2|Pm-Dec:2|RadVel:2|Redshift:2
NGC1912;OCl;05:28:42.49;+35:51:17.7;Aur;9.60;;;6.69;6.40;;;;;;0.8740;1.580;-4.424;-1;-0.000002;;;;038;;;;MWSC 0557;;;;Type:1|RA:1|Dec:1|Const:99|MajAx:5|B-Mag:2|V-Mag:2|Pax:2|Pm-RA:2|Pm-Dec:2|RadVel:2|Redshift:2
NGC1952;SNR;05:34:31.97;+22:00:52.1;Tau;8.00;4.00;;;8.40;;;;;;;;;;;;;;001;;;;IRAS 05315+2158,LBN 833;Crab Nebula;Position is for the Crab pulsar.;;Type:1|RA:1|Dec:1|Const:99|MajAx:9|MinAx:9|V-Mag:3
NGC1960;OCl;05:36:17.74;+34:08:26.7;Aur;7.20;;;6.09;6.00;;;;;;0.8350;-0.155;-3.388;-1;-0.000004;;;;036;;;;MWSC 0594;;;;Type:1|RA:1|Dec:1|Const:99|MajAx:5|B-Mag:2|V-Mag:2|Pax:2|Pm-RA:2|Pm-Dec:2|RadVel:2|Redshift:2
NGC1976;Cl+N;05:35:16.48;-05:23:22.8;Ori;90.00;60.00;;4.00;4.00;;;;;;;1.670;-0.300;28;0.000093;;;;042;;;;LBN 974,MWSC 0582;Great Orion Nebula,Orion Nebula;;;Type:1|RA:1|Dec:1|Const:99|MajAx:9|MinAx:9|B-Mag:3|V-Mag:10|Pm-RA:2|Pm-Dec:2|RadVel:2|Redshift:2
NGC1982;HII;05:35:31.38;-05:16:02.9;Ori;20.00;15.00;;9.00;9.00;;;;;;;;;;;;;;043;;;;2MASS J05353135-0516026;Mairan's Nebula;;;Type:1|RA:1|Dec:1|Const:99|MajAx:3|MinAx:3|B-Mag:3|V-Mag:10
NGC2068;RfN;05:46:45.82;+00:04:45.5;Ori;4.50;;;8.00;8.00;;;;;;;-0.930;-4.500;63;0.000211;;;;078;;;;MWSC 0664;;;;Type:1|RA:1|Dec:1|Const:99|MajAx:5|B-Mag:2|V-Mag:10|Pm-RA:2|Pm-Dec:2|RadVel:2|Redshift:2
NGC2099;OCl;05:52:18.35;+32:33:10.8;Aur;11.40;;;6.19;5.60;;;;;;0.6660;1.924;-5.648;8;0.000026;;;;037;;;;MWSC 0689;;;;Type:1|RA:1|Dec:1|Const:99|MajAx:5|B-Mag:2|V-Mag:2|Pax:2|Pm-RA:2|Pm-Dec:2|RadVel:2|Redshift:2
NGC2168;OCl;06:09:05.06;+24:20:19.1;Gem;24.00;;;5.31;5.10;;;;;;1.1301;2.278;-2.934;-6;-0.000021;;;;035;;;;MWSC 0754;;;;Type:1|RA:1|Dec:1|Const:99|MajAx:5|B-Mag:2|V-Mag:2|Pax:2|Pm-RA:2|Pm-Dec:2|RadVel:2|Redshift:2
NGC2287;OCl;06:45:59.94;-20:45:15.2;CMa;12.00;;;4.89;4.50;;;;;;1.3600;-4.339;-1.381;24;0.000078;;;;041;;;;MWSC 0978;;;;Type:1|RA:1|Dec:1|Const:99|MajAx:5|B-Mag:2|V-Mag:2|Pax:2|Pm-RA:2|Pm-Dec:2|RadVel:2|Redshift:2
NGC2323;OCl;07:02:40.47;-08:21:50.5;Mon;14.10;;;6.27;5.90;;;;;;1.0012;-0.798;-0.654;12;0.000039;;;;050;;;;MWSC 1072;;;;Type:1|RA:1|Dec:1|Const:99|MajAx:5|B-Mag:2|V-Mag:2|Pax:2|Pm-RA:2|Pm-Dec:2|RadVel:2|Redshift:2
NGC2422;OCl;07:36:35.02;-14:28:57.4;Pup;19.80;;;4.42;4.40;;;;;;2.0690;-7.020;0.959;34;0.000114;;;;047;2478;;;MWSC 1278;;;;Type:1|RA:1|Dec:1|Const:99|MajAx:5|B-Mag:2|V-Mag:2|Pax:2|Pm-RA:2|Pm-Dec:2|RadVel:2|Redshift:2
NGC2437;OCl;07:41:46.82;-14:48:36.0;Pup;21.00;;;6.33;6.10;;;;;;0.6005;-3.823;0.373;49;0.000164;;;;046;;;;MWSC 1313;;;;Type:1|RA:1|Dec:1|Const:99|MajAx:5|B-Mag:2|V-Mag:2|Pax:2|Pm-RA:2|Pm-Dec:2|RadVel:2|Redshift:2
NGC2447;OCl;07:44:29.23;-23:51:11.1;Pup;15.00;;;6.57;6.20;;;;;;0.9603;-3.568;5.043;22;0.000072;;;;093;;;;MWSC 1324;;;;Type:1|RA:1|Dec:1|Const:99|MajAx:5|B-Mag:2|V-Mag:2|Pax:2|Pm-RA:2|Pm-Dec:2|RadVel:2|Redshift:2
NGC2548;OCl;08:13:43.18;-05:45:01.6;Hya;28.20;;;6.11;5.80;;;;;;1.2897;-1.330;1.016;42;0.000138;;;;048;;;;MWSC 1454;;;;Type:1|RA:1|Dec:1|Const:99|MajAx:5|B-Mag:2|V-Mag:2|Pax:2|Pm-RA:2|Pm-Dec:2|RadVel:2|Redshift:2
NGC2632;OCl;08:40:22.20;+19:40:19.4;Cnc;108.60;;;3.46;3.10;;;;;;5.3710;-36.047;-12.917;35;0.000116;;;;044;;;;MWSC 1527;Beehive,Praesepe Cluster;;;Type:1|RA:1|Dec:1|Const:99|MajAx:5|B-Mag:2|V-Mag:2|Pax:2|Pm-RA:2|Pm-Dec:2|RadVel:2|Redshift:2
NGC2682;OCl;08:51:20.13;+11:48:43.0;Cnc;33.00;;;7.60;6.90;;;;;;1.1325;-10.974;-2.940;34;0.000113;;;;067;;;;MWSC 1585;;;;Type:1|RA:1|Dec:1|Const:99|MajAx:5|B-Mag:2|V-Mag:2|Pax:2|Pm-RA:2|Pm-Dec:2|RadVel:2|Redshift:2
NGC3031;G;09:55:33.17;+69:03:55.1;UMa;21.63;11.25;157;7.79;6.92;4.76;4.09;3.83;22.78;Sab;;-0.005;-0.019;-42;-0.000140;;;;081;;;;2MASX J09553318+6903549,IRAS 09514+6918,MCG +12-10-010,PGC 028630,SDSS J095533.16+690355.1,UGC 05318;Bode's Galaxy;;;Type:1|RA:1|Dec:1|Const:99|MajAx:3|MinAx:3|PosAng:3|B-Mag:3|V-Mag:3|J-Mag:2|H-Mag:2|K-Mag:2|SurfBr:3|Hubble:3|Pm-RA:2|Pm-Dec:2|RadVel:2|Redshift:2
NGC3034;G;09:55:52.73;+69:40:45.8;UMa;10.99;5.11;66;8.94;8.30;5.84;5.07;4.67;22.22;S?;;;;219;0.000730;;;;082;;;;2MASX J09555243+6940469,IRAS 09517+6954,MCG +12-10-011,PGC 028655,SDSS J095551.73+694048.6,UGC 05322;Cigar Galaxy;;;Type:1|RA:1|Dec:1|Const:99|MajAx:3|MinAx:3|PosAng:3|B-Mag:3|V-Mag:3|J-Mag:2|H-Mag:2|K-Mag:2|SurfBr:3|Hubble:3|RadVel:2|Redshift:2
NGC3351;G;10:43:57.70;+11:42:13.7;Leo;7.23;4.45;11;10.58;9.77;7.57;6.95;6.67;23.26;Sb;;;;766;0.002560;;;;095;;;;2MASX J10435773+1142129,IRAS 10413+1158,MCG +02-28-001,PGC 032007,SDSS J104357.69+114213.6,SDSS J104357.70+114213.7,UGC 05850;;;;Type:1|RA:1|Dec:1|Const:99|MajAx:3|MinAx:3|PosAng:3|B-Mag:3|V-Mag:3|J-Mag:2|H-Mag:2|K-Mag:2|SurfBr:3|Hubble:3|RadVel:2|Redshift:2
NGC3368;G;10:46:45.74;+11:49:11.8;Leo;8.26;5.51;5;10.08;9.21;7.24;6.57;6.32;23.14;Sab;;;;902;0.003012;;;;096;;;;2MASX J10464574+1149117,IRAS 10441+1205,MCG +02-28-006,PGC 032192,SDSS J104645.67+114911.8,UGC 05882;;;;Type:1|RA:1|Dec:1|Const:99|MajAx:3|MinAx:3|PosAng:3|B-Mag:3|V-Mag:3|J-Mag:2|H-Mag:2|K-Mag:2|SurfBr:3|Hubble:3|RadVel:2|Redshift:2
NGC3379;G;10:47:49.59;+12:34:53.8;Leo;4.89;4.25;71;10.23;9.27;7.17;6.49;6.27;22.54;E;;;;875;0.002922;;;;105;;;;2MASX J10474959+1234538,MCG +02-28-011,PGC 032256,UGC 05902;;;;Type:1|RA:1|Dec:1|Const:99|MajAx:3|MinAx:3|PosAng:3|B-Mag:3|V-Mag:3|J-Mag:2|H-Mag:2|K-Mag:2|SurfBr:3|Hubble:3|RadVel:2|Redshift:2
NGC3556;G;11:11:30.97;+55:40:26.8;UMa;3.98;1.66;79;10.70;10.05;8.02;7.37;7.04;21.70;Sc;;;;697;0.002328;;;;108;;;;2MASX J11113096+5540268,IRAS 11085+5556,MCG +09-18-098,PGC 034030,SDSS J111131.06+554027.4,UGC 06225;;;;Type:1|RA:1|Dec:1|Const:99|MajAx:3|MinAx:3|PosAng:3|B-Mag:3|V-Mag:3|J-Mag:2|H-Mag:2|K-Mag:2|SurfBr:3|Hubble:3|RadVel:2|Redshift:2
NGC3587;PN;11:14:47.71;+55:01:08.5;UMa;3.58;;;11.60;9.90;16.71;;;;;1.1371;-0.044;1.051;0;0.000000;14.36;15.66;16.01;097;;;;IRAS 11119+5517,PN G148.4+57.0,SDSS J111447.71+550108.5;Owl Nebula;;;Type:1|RA:1|Dec:1|Const:99|MajAx:99|B-Mag:3|V-Mag:3|J-Mag:2|Pax:2|Pm-RA:2|Pm-Dec:2|RadVel:2|Redshift:2|Cstar U-Mag:8|Cstar B-Mag:8|Cstar V-Mag:8
NGC3623;G;11:18:55.92;+13:05:32.5;Leo;7.64;1.97;173;10.14;9.32;6.99;6.31;6.07;22.73;Sa;;;;761;0.002540;;;;065;;;;2MASX J11185595+1305319,IRAS 11163+1322,MCG +02-29-018,PGC 034612,UGC 06328;;;;Type:1|RA:1|Dec:1|Const:99|MajAx:3|MinAx:3|PosAng:3|B-Mag:3|V-Mag:3|J-Mag:2|H-Mag:2|K-Mag:2|SurfBr:3|Hubble:3|RadVel:2|Redshift:2
NGC3627;G;11:20:14.96;+12:59:29.5;Leo;10.28;4.61;168;9.73;8.92;6.84;6.15;5.88;22.96;Sb;;;;702;0.002340;;;;066;;;;2MASX J11201502+1259286,IRAS 11176+1315,MCG +02-29-019,PGC 034695,SDSS J112014.98+125929.4,UGC 06346;;The position in 1989H&RHI.C...0000H is incorrect.;;Type:1|RA:1|Dec:1|Const:99|MajAx:3|MinAx:3|PosAng:3|B-Mag:3|V-Mag:2|J-Mag:2|H-Mag:2|K-Mag:2|SurfBr:3|Hubble:3|RadVel:2|Redshift:2
NGC3992;G;11:57:35.98;+53:22:28.3;UMa;8.07;5.64;78;10.48;9.88;7.85;7.19;6.94;23.45;Sbc;;;;1046;0.003496;;;;109;;;;2MASX J11573598+5322282,IRAS 11549+5339,MCG +09-20-044,PGC 037617,SDSS J115735.96+532228.9,UGC 06937;;;;Type:1|RA:1|Dec:1|Const:99|MajAx:3|MinAx:3|PosAng:3|B-Mag:3|V-Mag:3|J-Mag:2|H-Mag:2|K-Mag:2|SurfBr:3|Hubble:3|RadVel:2|Redshift:2
NGC4192;G;12:13:48.29;+14:54:01.2;Com;11.04;2.66;152;10.82;10.84;7.82;7.10;6.89;23.89;SABb;;;;-120;-0.000400;;;;098;;;;2MASX J12134829+1454016,IRAS 12112+1510,MCG +03-31-079,PGC 039028,SDSS J121348.28+145401.6,UGC 07231;;;;Type:1|RA:1|Dec:1|Const:99|MajAx:3|MinAx:3|PosAng:3|B-Mag:3|V-Mag:3|J-Mag:2|H-Mag:2|K-Mag:2|SurfBr:3|Hubble:3|RadVel:2|Redshift:2
NGC4254;G;12:18:49.60;+14:24:59.4;Com;5.04;4.74;23;10.40;9.84;7.89;7.25;6.93;22.60;Sc;;;;2399;0.008036;;;;099;;;;2MASX J12184962+1424593,IRAS 12162+1441,MCG +03-31-099,PGC 039578,SDSS J121849.60+142459.4,UGC 07345;Coma Pinwheel,Virgo Cluster Pinwheel;;;Type:1|RA:1|Dec:1|Const:99|MajAx:3|MinAx:3|PosAng:3|B-Mag:3|V-Mag:3|J-Mag:2|H-Mag:2|K-Mag:2|SurfBr:3|Hubble:3|RadVel:2|Redshift:2
NGC4258;G;12:18:57.50;+47:18:14.3;CVn;16.98;7.24;150;9.12;9.29;6.38;5.72;5.46;23.36;Sbc;;;;462;0.001541;;;;106;;;;2MASX J12185761+4718133,MCG +08-22-104,PGC 039600,SDSS J121857.50+471814.2,UGC 07353;;;;Type:1|RA:1|Dec:1|Const:99|MajAx:3|MinAx:3|PosAng:3|B-Mag:3|V-Mag:3|J-Mag:2|H-Mag:2|K-Mag:2|SurfBr:3|Hubble:3|RadVel:2|Redshift:2
NGC4303;G;12:21:54.90;+04:28:25.1;Vir;6.89;6.56;20;10.16;10.25;7.73;7.09;6.84;23.05;Sbc;0.7805;0.509;0.654;1564;0.005230;;;;061;;;;2MASX J12215494+0428249,IRAS 12194+0444,MCG +01-32-022,PGC 040001,SDSS J122154.92+042825.6,UGC 07420;;;;Type:1|RA:1|Dec:1|Const:99|MajAx:3|MinAx:3|PosAng:3|B-Mag:3|V-Mag:3|J-Mag:2|H-Mag:2|K-Mag:2|SurfBr:3|Hubble:3|Pax:2|Pm-RA:2|Pm-Dec:2|RadVel:2|Redshift:2
NGC4321;G;12:22:54.83;+15:49:18.5;Com;6.10;5.62;108;10.01;9.47;7.46;6.82;6.59;22.61;SABb;;;;1570;0.005251;;;;100;;;;2MASX J12225489+1549205,IRAS 12204+1605,MCG +03-32-015,PGC 040153,SDSS J122254.91+154920.2,UGC 07450;;;;Type:1|RA:1|Dec:1|Const:99|MajAx:3|MinAx:3|PosAng:3|B-Mag:3|V-Mag:3|J-Mag:2|H-Mag:2|K-Mag:2|SurfBr:3|Hubble:3|RadVel:2|Redshift:2
NGC4374;G;12:25:03.74;+12:53:13.1;Vir;7.41;6.44;133;10.01;9.79;7.12;6.47;6.22;23.23;E;;-0.083;-0.051;979;0.003270;;;;084;;;;2MASX J12250377+1253130,IRAS 12224+1309,MCG +02-32-034,PGC 040455,SDSS J122503.74+125312.8,UGC 07494;;;;Type:1|RA:1|Dec:1|Const:99|MajAx:3|MinAx:3|PosAng:3|B-Mag:3|V-Mag:3|J-Mag:2|H-Mag:2|K-Mag:2|SurfBr:3|Hubble:3|Pm-RA:2|Pm-Dec:2|RadVel:2|Redshift:2
NGC4382;G;12:25:24.11;+18:11:29.4;Com;6.95;5.35;12;9.94;9.05;7.06;6.42;6.15;22.87;S0-a;;;;769;0.002570;;;;085;;;;2MASX J12252405+1811278,MCG +03-32-029,PGC 040515,SDSS J122524.06+181127.7,UGC 07508;;;;Type:1|RA:1|Dec:1|Const:99|MajAx:3|MinAx:3|PosAng:3|B-Mag:3|V-Mag:3|J-Mag:2|H-Mag:2|K-Mag:2|SurfBr:3|Hubble:3|RadVel:2|Redshift:2
NGC4406;G;12:26:11.74;+12:56:46.4;Vir;11.53;8.43;128;9.74;8.86;7.01;6.33;6.10;23.90;E;;;;-183;-0.000610;;;;086;;;;2MASX J12261181+1256454,MCG +02-32-046,PGC 040653,SDSS J122611.75+125646.3,UGC 07532;;HOLM 403H is a star.;;Type:1|RA:1|Dec:1|Const:99|MajAx:3|MinAx:3|PosAng:3|B-Mag:3|V-Mag:3|J-Mag:2|H-Mag:2|K-Mag:2|SurfBr:3|Hubble:3|RadVel:2|Redshift:2
NGC4472;G;12:29:46.76;+08:00:01.7;Vir;10.21;8.38;156;9.35;8.28;6.27;5.64;5.40;23.25;E;;;;949;0.003170;;;;049;;;;2MASX J12294679+0800014,MCG +01-32-083,PGC 041220,SDSS J122946.76+080001.7,UGC 07629;;HOLM 413B is a star.;;Type:1|RA:1|Dec:1|Const:99|MajAx:3|MinAx:3|PosAng:3|B-Mag:3|V-Mag:3|J-Mag:2|H-Mag:2|K-Mag:2|SurfBr:3|Hubble:3|RadVel:2|Redshift:2
NGC4486;G;12:30:49.42;+12:23:28.0;Vir;7.11;6.67;153;9.65;9.00;6.72;6.07;5.81;22.79;E;;-8.029;10.734;1256;0.004200;;;;087;;;;2MASX J12304942+1223279,IRAS 12282+1240,MCG +02-32-105,PGC 041361,SDSS J123049.41+122328.1,UGC 07654;Virgo Galaxy;;;Type:1|RA:1|Dec:1|Const:99|MajAx:3|MinAx:3|PosAng:3|B-Mag:3|V-Mag:3|J-Mag:2|H-Mag:2|K-Mag:2|SurfBr:3|Hubble:3|Pm-RA:2|Pm-Dec:2|RadVel:2|Redshift:2
NGC4501;G;12:31:59.16;+14:25:13.4;Com;8.65;4.38;138;10.24;10.33;7.21;6.56;6.27;23.17;Sb;;;;2270;0.007602;;;;088;;;;2MASX J12315921+1425134,IRAS 12294+1441,MCG +03-32-059,PGC 041517,UGC 07675;;;;Type:1|RA:1|Dec:1|Const:99|MajAx:3|MinAx:3|PosAng:3|B-Mag:3|V-Mag:3|J-Mag:2|H-Mag:2|K-Mag:2|SurfBr:3|Hubble:3|RadVel:2|Redshift:2
NGC4548;G;12:35:26.45;+14:29:46.8;Com;5.55;4.52;150;10.94;10.96;8.01;7.37;7.12;23.24;Sb;;;;492;0.001644;;;;091;;;;2MASX J12352642+1429467,IRAS 12328+1446,MCG +03-32-075,PGC 041934,SDSS J123526.45+142946.8,UGC 07753;;;;Type:1|RA:1|Dec:1|Const:99|MajAx:3|MinAx:3|PosAng:3|B-Mag:3|V-Mag:3|J-Mag:2|H-Mag:2|K-Mag:2|SurfBr:3|Hubble:3|RadVel:2|Redshift:2
NGC4552;G;12:35:39.81;+12:33:22.8;Vir;8.13;8.00;150;10.68;10.08;7.62;6.94;6.73;24.11;E;;;;274;0.000914;;;;089;;;;2MASX J12353988+1233217,MCG +02-32-149,PGC 041968,SDSS J123539.80+123322.8,UGC 07760;;;;Type:1|RA:1|Dec:1|Const:99|MajAx:3|MinAx:3|PosAng:3|B-Mag:3|V-Mag:3|J-Mag:2|H-Mag:2|K-Mag:2|SurfBr:3|Hubble:3|RadVel:2|Redshift:2
NGC4569;G;12:36:49.79;+13:09:46.6;Vir;9.12;3.82;22;10.18;9.54;7.50;6.79;6.58;23.16;Sab;;;;-235;-0.000784;;;;090;;;;2MASX J12364981+1309463,IRAS 12343+1326,MCG +02-32-155,PGC 042089,SDSS J123649.79+130946.5,UGC 07786;;;;Type:1|RA:1|Dec:1|Const:99|MajAx:3|MinAx:3|PosAng:3|B-Mag:3|V-Mag:2|J-Mag:2|H-Mag:2|K-Mag:2|SurfBr:3|Hubble:3|RadVel:2|Redshift:2
NGC4579;G;12:37:43.52;+11:49:05.5;Vir;5.01;3.84;90;10.44;10.30;7.37;6.71;6.49;22.49;Sb;;;;1680;0.005620;;;;058;;;;2MASX J12374359+1149051,IRAS 12351+1205,MCG +02-32-160,PGC 042168,SDSS J123743.52+114905.4,UGC 07796;;;;Type:1|RA:1|Dec:1|Const:99|MajAx:3|MinAx:3|PosAng:3|B-Mag:3|V-Mag:3|J-Mag:2|H-Mag:2|K-Mag:2|SurfBr:3|Hubble:3|RadVel:2|Redshift:2
NGC4590;GCl;12:39:28.01;-26:44:34.9;Hya;6.60;;;10.26;7.96;;;;;;0.0618;-2.750;1.780;-93;-0.000310;;;;068;;;;MWSC 2059;;;;Type:1|RA:1|Dec:1|Const:99|MajAx:5|B-Mag:2|V-Mag:2|Pax:2|Pm-RA:2|Pm-Dec:2|RadVel:2|Redshift:2
NGC4594;G;12:39:59.43;-11:37:23.0;Vir;8.45;4.91;90;9.15;8.59;5.89;5.21;4.96;22.26;Sa;;;;1090;0.003642;;;;104;;;;2MASX J12395949-1137230,IRAS 12373-1120,MCG -02-32-020,PGC 042407,UGCA 293;Sombrero Galaxy;;;Type:1|RA:1|Dec:1|Const:99|MajAx:3|MinAx:3|PosAng:3|B-Mag:3|V-Mag:3|J-Mag:2|H-Mag:2|K-Mag:2|SurfBr:3|Hubble:3|RadVel:2|Redshift:2
NGC4621;G;12:42:02.24;+11:38:49.3;Vir;4.55;3.21;165;10.57;9.56;7.65;6.97;6.75;22.71;E;;;;431;0.001438;;;;059;;;;2MASX J12420232+1138489,MCG +02-32-183,PGC 042628,SDSS J124202.25+113848.8,UGC 07858;;;;Type:1|RA:1|Dec:1|Const:99|MajAx:3|MinAx:3|PosAng:3|B-Mag:3|V-Mag:3|J-Mag:2|H-Mag:2|K-Mag:2|SurfBr:3|Hubble:3|RadVel:2|Redshift:2
NGC4649;G;12:43:39.98;+11:33:09.7;Vir;6.78;5.45;105;9.79;8.79;6.67;6.00;5.74;22.81;E;;;;1015;0.003390;;;;060;;;;2MASS J12434000+1133099,2MASX J12434000+1133093,MCG +02-33-002,PGC 042831,SDSS J124339.97+113309.7,UGC 07898;;;;Type:1|RA:1|Dec:1|Const:99|MajAx:3|MinAx:3|PosAng:3|B-Mag:3|V-Mag:3|J-Mag:2|H-Mag:2|K-Mag:2|SurfBr:3|Hubble:3|RadVel:2|Redshift:2
NGC4736;G;12:50:53.06;+41:07:13.6;CVn;7.74;6.68;105;8.71;8.24;6.03;5.35;5.11;21.79;SABa;;;;287;0.000960;;;;094;;;;2MASX J12505314+4107125,IRAS 12485+4123,MCG +07-26-058,PGC 043495,UGC 07996;;IRAS F12485+4123 (in FSC version 1) was removed from version 2.;;Type:1|RA:1|Dec:1|Const:99|MajAx:3|MinAx:3|PosAng:3|B-Mag:3|V-Mag:2|J-Mag:2|H-Mag:2|K-Mag:2|SurfBr:3|Hubble:3|RadVel:2|Redshift:2
NGC4826;G;12:56:43.64;+21:40:58.7;Com;10.52;5.33;114;9.27;8.52;6.27;5.58;5.33;22.68;SABa;;;;402;0.001341;;;;064;;;;2MASX J12564369+2140575,IRAS 12542+2157,MCG +04-31-001,PGC 044182,UGC 08062;Black Eye Galaxy,Evil Eye Galaxy;;;Type:1|RA:1|Dec:1|Const:99|MajAx:3|MinAx:3|PosAng:3|B-Mag:3|V-Mag:2|J-Mag:2|H-Mag:2|K-Mag:2|SurfBr:3|Hubble:3|RadVel:2|Redshift:2
NGC5024;GCl;13:12:55.23;+18:10:08.8;Com;9.00;;;8.95;7.79;;;;;;0.0157;-0.110;-1.350;-63;-0.000210;;;;053;;;;MWSC 2094;;;;Type:1|RA:1|Dec:1|Const:99|MajAx:5|B-Mag:2|V-Mag:2|Pax:2|Pm-RA:2|Pm-Dec:2|RadVel:2|Redshift:2
NGC5055;G;13:15:49.33;+42:01:45.4;CVn;11.83;7.16;103;9.32;8.61;6.57;5.83;5.61;23.04;Sbc;;;;503;0.001678;;;;063;;;;2MASX J13154932+4201454,IRAS 13135+4217,MCG +07-27-054,PGC 046153,SDSS J131549.26+420145.8,UGC 08334;Sunflower Galaxy;;;Type:1|RA:1|Dec:1|Const:99|MajAx:3|MinAx:3|PosAng:3|B-Mag:3|V-Mag:3|J-Mag:2|H-Mag:2|K-Mag:2|SurfBr:3|Hubble:3|RadVel:2|Redshift:2
NGC5194;G;13:29:52.71;+47:11:42.6;CVn;13.71;11.67;163;8.61;8.36;6.40;5.65;5.50;22.90;SABb;7.8000;;;465;0.001550;;;;051;;;;2MASX J13295269+4711429,IRAS 13277+4727,MCG +08-25-012,PGC 047404,UGC 08493;Whirlpool Galaxy;;;Type:1|RA:1|Dec:1|Const:99|MajAx:3|MinAx:3|PosAng:3|B-Mag:3|V-Mag:2|J-Mag:2|H-Mag:2|K-Mag:2|SurfBr:3|Hubble:3|Pax:2|RadVel:2|Redshift:2
NGC5236;G;13:37:00.95;-29:51:55.5;Hya;13.61;13.21;45;7.82;7.21;5.54;4.87;4.62;22.20;Sc;;;;519;0.001733;;;;083;;;;2MASX J13370091-2951567,ESO 444-081,ESO-LV 444-0810,IRAS 13341-2936,MCG -05-32-050,PGC 048082,UGCA 366;Southern Pinwheel Galaxy;Extended HIPASS source;;Type:1|RA:1|Dec:1|Const:99|MajAx:3|MinAx:3|PosAng:3|B-Mag:3|V-Mag:3|J-Mag:2|H-Mag:2|K-Mag:2|SurfBr:3|Hubble:3|RadVel:2|Redshift:2
NGC5272;GCl;13:42:11.23;+28:22:31.6;CVn;16.20;;;;6.39;;;;;;0.0245;-0.140;-2.640;-147;-0.000491;;;;003;;;;MWSC 2152;;;;Type:1|RA:1|Dec:1|Const:99|MajAx:5|V-Mag:3|Pax:2|Pm-RA:2|Pm-Dec:2|RadVel:2|Redshift:2
NGC5457;G;14:03:12.54;+54:20:56.2;UMa;23.99;23.07;28;8.36;7.90;6.52;5.81;5.51;23.97;SABc;;;;243;0.000811;;;;101;;;;IRAS 14013+5435,MCG +09-23-028,PGC 050063,SDSS J140312.52+542056.2,UGC 08981;;"M102 may be a duplicate obs. of M101; see Sawyer, JRASC 41, Nos 7&8, 1947.";;Type:1|RA:1|Dec:1|Const:99|MajAx:3|MinAx:3|PosAng:3|B-Mag:3|V-Mag:3|J-Mag:2|H-Mag:2|K-Mag:2|SurfBr:3|Hubble:3|RadVel:2|Redshift:2
NGC5904;GCl;15:18:33.75;+02:04:57.7;Se1;15.00;;;7.34;5.95;;;;;;0.1139;4.060;-9.890;54;0.000179;;;;005;;;;MWSC 2286;;;;Type:1|RA:1|Dec:1|Const:99|MajAx:5|B-Mag:2|V-Mag:2|Pax:2|Pm-RA:2|Pm-Dec:2|RadVel:2|Redshift:2
NGC6093;GCl;16:17:02.51;-22:58:30.4;Sco;5.70;;;;7.30;;;;;;0.0501;-2.930;-5.590;11;0.000036;;;;080;;;;MWSC 2376;;;;Type:1|RA:1|Dec:1|Const:99|MajAx:5|V-Mag:3|Pax:2|Pm-RA:2|Pm-Dec:2|RadVel:2|Redshift:2
NGC6121;GCl;16:23:35.40;-26:31:31.9;Sco;28.20;;;;5.40;;;;;;0.4995;-12.480;-18.990;71;0.000237;;;;004;;;;MWSC 2396;;;;Type:1|RA:1|Dec:1|Const:99|MajAx:5|V-Mag:3|Pax:2|Pm-RA:2|Pm-Dec:2|RadVel:2|Redshift:2
NGC6171;GCl;16:32:31.92;-13:03:13.1;Oph;7.80;;;9.96;8.85;;;;;;0.1491;-1.930;-5.980;-35;-0.000116;;;;107;;;;MWSC 2422;;;;Type:1|RA:1|Dec:1|Const:99|MajAx:5|B-Mag:2|V-Mag:2|Pax:2|Pm-RA:2|Pm-Dec:2|RadVel:2|Redshift:2
NGC6205;GCl;16:41:41.63;+36:27:40.7;Her;16.50;;;;5.80;4.45;3.94;3.85;;;0.0813;-3.180;-2.560;-244;-0.000815;;;;013;;;;2MASX J16414163+3627407,MWSC 2445;Hercules Globular Cluster;;;Type:1|RA:1|Dec:1|Const:99|MajAx:5|V-Mag:2|J-Mag:2|H-Mag:2|K-Mag:2|Pax:2|Pm-RA:2|Pm-Dec:2|RadVel:2|Redshift:2
NGC6218;GCl;16:47:14.52;-01:56:52.2;Oph;11.10;;;8.52;6.07;;;;;;0.1584;-0.150;-6.770;-41;-0.000138;;;;012;;;;MWSC 2464;;;;Type:1|RA:1|Dec:1|Const:99|MajAx:5|B-Mag:2|V-Mag:2|Pax:2|Pm-RA:2|Pm-Dec:2|RadVel:2|Redshift:2
NGC6254;GCl;16:57:08.99;-04:05:57.6;Oph;9.30;;;;4.98;;;;;;0.1507;-4.720;-6.540;74;0.000247;;;;010;;;;MWSC 2498;;;;Type:1|RA:1|Dec:1|Const:99|MajAx:5|V-Mag:2|Pax:2|Pm-RA:2|Pm-Dec:2|RadVel:2|Redshift:2
NGC6266;GCl;17:01:12.60;-30:06:44.5;Oph;7.80;;;8.55;7.39;;;;;;0.1451;-4.990;-2.950;-73;-0.000245;;;;062;;;;MWSC 2512;;;;Type:1|RA:1|Dec:1|Const:99|MajAx:5|B-Mag:2|V-Mag:2|Pax:2|Pm-RA:2|Pm-Dec:2|RadVel:2|Redshift:2
NGC6273;GCl;17:02:37.68;-26:16:04.6;Oph;7.50;;;8.45;5.57;;;;;;0.0935;-3.230;1.660;146;0.000486;;;;019;;;;MWSC 2519;;;;Type:1|RA:1|Dec:1|Const:99|MajAx:5|B-Mag:2|V-Mag:2|Pax:2|Pm-RA:2|Pm-Dec:2|RadVel:2|Redshift:2
NGC6333;GCl;17:19:11.78;-18:30:58.5;Oph;6.90;;;9.36;8.42;;;;;;0.1117;-2.210;-3.210;311;0.001037;;;;009;;;;MWSC 2567;;;;Type:1|RA:1|Dec:1|Const:99|MajAx:5|B-Mag:2|V-Mag:2|Pax:2|Pm-RA:2|Pm-Dec:2|RadVel:2|Redshift:2
NGC6341;GCl;17:17:07.27;+43:08:11.5;Her;14.40;;;;6.52;;;;;;0.0562;;;-120;-0.000402;;;;092;;;;MWSC 2557;;;;Type:1|RA:1|Dec:1|Const:99|MajAx:5|V-Mag:2|Pax:2|RadVel:2|Redshift:2
NGC6402;GCl;17:37:36.16;-03:14:45.3;Oph;9.9;;;9.55;5.73;;;;;;0.0589;-3.660;-5.030;-61;-0.000202;;;;014;;;;MWSC 2643;;;;Type:1|RA:1|Dec:1|Const:99|MajAx:5|B-Mag:2|V-Mag:2|Pax:2|Pm-RA:2|Pm-Dec:2|RadVel:2|Redshift:2
NGC6405;OCl;17:40:20.75;-32:15:15.0;Sco;15.60;;;4.48;4.20;;;;;;2.1626;-1.366;-5.806;-9;-0.000032;;;;006;;;;MWSC 2661;Butterfly Cluster;;;Type:1|RA:1|Dec:1|Const:99|MajAx:5|B-Mag:2|V-Mag:2|Pax:2|Pm-RA:2|Pm-Dec:2|RadVel:2|Redshift:2
NGC6475;OCl;17:53:51.18;-34:47:34.2;Sco;22.20;;;3.45;3.30;;;;;;3.5704;3.072;-5.316;-15;-0.000049;;;;007;;;;MWSC 2739;Ptolemy's Cluster;;;Type:1|RA:1|Dec:1|Const:99|MajAx:5|B-Mag:2|V-Mag:2|Pax:2|Pm-RA:2|Pm-Dec:2|RadVel:2|Redshift:2
NGC6494;OCl;17:57:04.77;-18:59:07.2;Sgr;16.80;;;6.03;5.50;;;;;;1.3540;0.284;-1.809;-32;-0.000106;;;;023;;;;MWSC 2757;;;;Type:1|RA:1|Dec:1|Const:99|MajAx:5|B-Mag:2|V-Mag:2|Pax:2|Pm-RA:2|Pm-Dec:2|RadVel:2|Redshift:2
NGC6514;Neb;18:02:42.11;-22:58:18.8;Sgr;28.00;28.00;;6.30;8.50;;;;;;0.7900;0.410;-1.690;-5;-0.000017;;;;020;;;;LBN 27,MWSC 2789;Trifid Nebula;;;Type:1|RA:1|Dec:1|Const:99|MajAx:9|MinAx:9|B-Mag:3|V-Mag:10|Pax:2|Pm-RA:2|Pm-Dec:2|RadVel:2|Redshift:2
NGC6523;Neb;18:03:41.27;-24:22:48.6;Sgr;45.00;30.00;;5.00;5.80;;;;;;;;;4;0.000013;;;;008;6533;;;LBN 25;Lagoon Nebula;Nominal position for NGC 6533 is -30 arcmin in error.;;Type:1|RA:1|Dec:1|Const:99|MajAx:9|MinAx:9|B-Mag:3|V-Mag:10|RadVel:2|Redshift:2
NGC6531;OCl;18:04:13.45;-22:29:24.2;Sgr;6.00;;;;5.90;;;;;;0.7980;0.525;-1.521;-18;-0.000061;;;;021;;;;MWSC 2796;;;;Type:1|RA:1|Dec:1|Const:99|MajAx:5|V-Mag:3|Pax:2|Pm-RA:2|Pm-Dec:2|RadVel:2|Redshift:2
NGC6611;Neb;18:18:48.17;-13:48:26.0;Se2;120.00;25.00;;6.58;6.00;;;;;;0.5660;0.178;-1.576;10;0.000033;;;;016;;;;LBN 67,MWSC 2886;Eagle Nebula;;;Type:1|RA:1|Dec:1|Const:99|MajAx:9|MinAx:9|B-Mag:2|V-Mag:2|Pax:2|Pm-RA:2|Pm-Dec:2|RadVel:2|Redshift:2
NGC6613;OCl;18:19:58.49;-17:06:07.1;Sgr;6.00;;;7.24;6.90;;;;;;0.6400;-0.508;-0.917;-14;-0.000047;;;;018;;;;MWSC 2892;;;;Type:1|RA:1|Dec:1|Const:99|MajAx:5|B-Mag:2|V-Mag:2|Pax:2|Pm-RA:2|Pm-Dec:2|RadVel:2|Redshift:2
NGC6618;Neb;18:20:47.11;-16:10:17.5;Sgr;12.60;;;6.00;7.00;;;;;;0.6000;-0.040;-1.400;-45;-0.000149;;;;017;;;;LBN 60,MWSC 2896;Checkmark Nebula,Lobster Nebula,Swan Nebula,omega Nebula;;;Type:1|RA:1|Dec:1|Const:99|MajAx:9|B-Mag:3|V-Mag:10|Pax:2|Pm-RA:2|Pm-Dec:2|RadVel:2|Redshift:2
NGC6626;GCl;18:24:32.89;-24:52:11.4;Sgr;5.10;;;;6.90;;;;;;0.1560;-0.330;-8.920;11;0.000037;;;;028;;;;MWSC 2908;;;;Type:1|RA:1|Dec:1|Const:99|MajAx:5|V-Mag:3|Pax:2|Pm-RA:2|Pm-Dec:2|RadVel:2|Redshift:2
NGC6637;GCl;18:31:23.23;-32:20:52.7;Sgr;5.70;;;9.32;8.31;;;;;;0.0855;-5.120;-5.810;47;0.000156;;;;069;6634;;;MWSC 2936;;;;Type:1|RA:1|Dec:1|Const:99|MajAx:5|B-Mag:2|V-Mag:2|Pax:2|Pm-RA:2|Pm-Dec:2|RadVel:2|Redshift:2
NGC6656;GCl;18:36:24.20;-23:54:12.3;Sgr;12.60;;;7.16;6.17;;;;;;0.2639;9.820;-5.540;-148;-0.000493;;;;022;;;;MWSC 2961;;;;Type:1|RA:1|Dec:1|Const:99|MajAx:5|B-Mag:2|V-Mag:2|Pax:2|Pm-RA:2|Pm-Dec:2|RadVel:2|Redshift:2
NGC6681;GCl;18:43:12.64;-32:17:30.8;Sgr;6.60;;;9.76;9.06;;;;;;0.1265;1.390;-4.720;217;0.000723;;;;070;;;;MWSC 2981;;;;Type:1|RA:1|Dec:1|Const:99|MajAx:5|B-Mag:2|V-Mag:2|Pax:2|Pm-RA:2|Pm-Dec:2|RadVel:2|Redshift:2
NGC6694;OCl;18:45:18.66;-09:23:01.0;Sct;6.00;;;8.00;8.87;;;;;;0.5240;0.144;-1.411;4;0.000013;;;;026;;;;MWSC 2987;;;;Type:1|RA:1|Dec:1|Const:99|MajAx:5|B-Mag:2|V-Mag:2|Pax:2|Pm-RA:2|Pm-Dec:2|RadVel:2|Redshift:2
NGC6705;OCl;18:51:05.99;-06:16:12.1;Sct;9.00;;;6.32;5.80;;;;;;0.4270;-1.568;-4.144;36;0.000119;;;;011;;;;MWSC 3008;Amas de l'Ecu de Sobieski,Wild Duck Cluster;;;Type:1|RA:1|Dec:1|Const:99|MajAx:5|B-Mag:2|V-Mag:2|Pax:2|Pm-RA:2|Pm-Dec:2|RadVel:2|Redshift:2
NGC6715;GCl;18:55:03.27;-30:28:42.6;Sgr;5.10;;;;7.70;;;;;;0.0267;-2.730;-1.380;143;0.000477;;;;054;;;;MWSC 3023;;Likely associated with the Sagittarius Dwarf Spheroidal.;;Type:1|RA:1|Dec:1|Const:99|MajAx:5|V-Mag:3|Pax:2|Pm-RA:2|Pm-Dec:2|RadVel:2|Redshift:2
NGC6720;PN;18:53:35.01;+33:01:42.9;Lyr;1.27;;;9.70;8.80;16.40;;;;;1.2707;1.494;2.486;-19;-0.000064;;15.03;15.29;057;;;HD 175353;IRAS 18517+3257,PN G063.1+13.9;Ring Nebula;;;Type:1|RA:1|Dec:1|Const:99|MajAx:8|B-Mag:3|V-Mag:3|J-Mag:2|Pax:2|Pm-RA:2|Pm-Dec:2|RadVel:2|Redshift:2|Cstar B-Mag:8|Cstar V-Mag:8
NGC6779;GCl;19:16:35.51;+30:11:04.2;Lyr;5.80;;;8.90;8.40;;;;;;0.0755;-2.020;1.650;-137;-0.000457;;;;056;;;;MWSC 3077;;;;Type:1|RA:1|Dec:1|Const:99|MajAx:5|B-Mag:2|V-Mag:3|Pax:2|Pm-RA:2|Pm-Dec:2|RadVel:2|Redshift:2
NGC6809;GCl;19:39:59.40;-30:57:43.5;Sgr;12.00;;;;6.49;;;;;;0.1736;-3.410;-9.270;174;0.000582;;;;055;;;;MWSC 3150;;;;Type:1|RA:1|Dec:1|Const:99|MajAx:5|V-Mag:2|Pax:2|Pm-RA:2|Pm-Dec:2|RadVel:2|Redshift:2
NGC6838;GCl;19:53:46.11;+18:46:42.2;Sge;6.90;;;7.91;6.10;;;;;;0.2287;-3.410;-2.610;-22;-0.000074;;;;071;6839;;;MWSC 3200;;Identification as NGC 6839 is very uncertain.;;Type:1|RA:1|Dec:1|Const:99|MajAx:5|B-Mag:2|V-Mag:2|Pax:2|Pm-RA:2|Pm-Dec:2|RadVel:2|Redshift:2
NGC6853;PN;19:59:36.38;+22:43:15.7;Vul;6.70;;;7.60;7.40;11.79;10.61;;;;2.6575;10.496;3.682;-42;-0.000140;12.43;13.66;13.94;027;;;BD+22 3878;2MASX J19593637+2243157,PN G060.8-03.6;Dumbbell Nebula;;;Type:1|RA:1|Dec:1|Const:99|MajAx:8|B-Mag:3|V-Mag:3|J-Mag:2|H-Mag:2|Pax:2|Pm-RA:2|Pm-Dec:2|RadVel:2|Redshift:2|Cstar U-Mag:8|Cstar B-Mag:8|Cstar V-Mag:8
NGC6864;GCl;20:06:04.84;-21:55:20.0;Sgr;3.60;;;;8.26;6.93;6.43;6.28;;;0.0201;-0.580;-2.780;-189;-0.000631;;;;075;;;;2MASX J20060484-2155201,MWSC 3254;;;;Type:1|RA:1|Dec:1|Const:99|MajAx:5|V-Mag:2|J-Mag:2|H-Mag:2|K-Mag:2|Pax:2|Pm-RA:2|Pm-Dec:2|RadVel:2|Redshift:2
NGC6913;OCl;20:23:57.77;+38:30:27.6;Cyg;3.60;;;7.30;6.60;;;;;;0.5530;-3.409;-5.771;-17;-0.000056;;;;029;;;;MWSC 3329;;;;Type:1|RA:1|Dec:1|Const:99|MajAx:5|B-Mag:2|V-Mag:2|Pax:2|Pm-RA:2|Pm-Dec:2|RadVel:2|Redshift:2
NGC6981;GCl;20:53:27.91;-12:32:13.4;Aqr;4.50;;;9.95;8.96;;;;;;0.0150;-1.290;-3.320;-331;-0.001105;;;;072;;;;MWSC 3419;;;;Type:1|RA:1|Dec:1|Const:99|MajAx:5|B-Mag:2|V-Mag:2|Pax:2|Pm-RA:2|Pm-Dec:2|RadVel:2|Redshift:2
NGC6994;Other;20:58:55.97;-12:38:07.8;Aqr;;;;;8.90;;;;;;;;;;;;;;073;;;;;;Four Galactic stars.;;Type:1|RA:1|Dec:1|Const:99|V-Mag:3
NGC7078;GCl;21:29:58.38;+12:10:00.6;Peg;11.10;;;3.00;6.30;;;;;;0.0522;-0.630;-3.800;-107;-0.000356;;;;015;;;;IRAS 21274+1156,MWSC 3518,PN G065.0-27.3;;;;Type:1|RA:1|Dec:1|Const:99|MajAx:5|B-Mag:2|V-Mag:3|Pax:2|Pm-RA:2|Pm-Dec:2|RadVel:2|Redshift:2
NGC7089;GCl;21:33:27.01;-00:49:23.9;Aqr;8.40;;;;6.25;;;;;;0.0612;3.510;-2.160;-4;-0.000012;;;;002;;;;MWSC 3526;;;;Type:1|RA:1|Dec:1|Const:99|MajAx:5|V-Mag:2|Pax:2|Pm-RA:2|Pm-Dec:2|RadVel:2|Redshift:2
NGC7092;OCl;21:31:48.32;+48:26:17.4;Cyg;19.50;;;4.66;4.60;;;;;;3.3373;-7.357;-19.599;-5;-0.000018;;;;039;;;;MWSC 3521;;;;Type:1|RA:1|Dec:1|Const:99|MajAx:5|B-Mag:2|V-Mag:2|Pax:2|Pm-RA:2|Pm-Dec:2|RadVel:2|Redshift:2
NGC7099;GCl;21:40:22.02;-23:10:44.7;Cap;9.00;;;;7.10;;;;;;0.0676;-0.730;-7.240;-185;-0.000618;;;;030;;;;MWSC 3543;;;;Type:1|RA:1|Dec:1|Const:99|MajAx:5|V-Mag:2|Pax:2|Pm-RA:2|Pm-Dec:2|RadVel:2|Redshift:2
NGC7654;OCl;23:24:48.40;+61:35:35.4;Cas;9.90;;;;6.90;;;;;;0.5960;-1.938;-1.131;-40;-0.000133;;;;052;;;;MWSC 3725;;;;Type:1|RA:1|Dec:1|Const:99|MajAx:5|V-Mag:3|Pax:2|Pm-RA:2|Pm-Dec:2|RadVel:2|Redshift:2
